title,org,deadline,fee,category,description,url,instagram,location,prize,eligibility,submitVia,requirements,jury,resultsDate,ai,slug,orgInTitle,dateAdded
Night Aesthetics,Fotografiska,2026-04-30,Free,photography,"Open call exploring the visual world of the night. Looking for works that engage with light, movement, atmosphere, intimacy, and the energy that appears when the day lets go. Whether captured on a crowded dance floor, in a quiet street, or somewhere in between. Welcomes lens-based photography in all forms including analog and digital. Three winners each receive €2,500 and feature on the Fotografiska Emerging platform. In partnership with Jägermeister.",https://emerging.fotografiska.com/missions/night-aesthetics,@fotografiska.emerging,Online,"€2,500",,Fotografiska Emerging,1 image,"Atiba Jefferson, Photographer & Canon Ambassador; Karl Hab, Photographer; Julia Schoierer, Photographer","May 20, 2026",Not accepted,night-aesthetics-fotografiska,false,2026-03-23
The 2026 Lumen Prize,Lumen Prize,2026-05-23,$45,exhibition,"Leading international award for art created with technology, now in its 15th year. Three categories: Legacy Futures, Systems & Structures, and Experiential Innovation, each with a $5,000 prize. The Jury also selects one Gold Award Winner receiving $15,000. Works may include film, photography, AI-generated art, interactive installations, VR experiences, and more. Finalists announced August, winners announced November. Awards ceremony at Kunstsilo Museum in Norway.",https://zealous.co/lumenprize/opportunity/the-2026-lumen-prize/,@lumen_prize,"New York, NY, USA","$30,000",,Zealous,1 primary + up to 3 supporting images,"Melanie Lenz, Digital Curator, V&A Museum; Rachel Falconer, Senior Lecturer & Head of Digital Arts Computing, Goldsmiths University London; Myriam Achard, Chief New Media Partnerships & PR, PHI; Christiane Paul, Adjunct Curator Digital Art, Whitney Museum; Annie Bicknell, Curator Public Programmes, Tate",,Accepted,the-2026-lumen-prize,true,2026-03-23
Nest — Group Exhibition,Fringe Arts Bath,2026-04-10,Free,exhibition,"Group exhibition exploring how creative practice nurtures wellbeing, inspires reflection, or aids recovery. Open call for art created in response to lived experience of mental health, disability, or health journey. All mediums welcome including photography, painting, film, sculpture, ceramics, poetry, and installation. Curated by photographic artist Livvy Eden. Exhibition runs 22 May – 6 June 2026 at 103 Walcot Street, Bath. Selected artists asked for £25 participation donation.",https://www.fringeartsbath.co.uk/nest,@fringeartsbath,"Bath, United Kingdom",,,Email,Max 200-word description + images or links to work,"Livvy Eden, Curator & Photographic Artist","May 22, 2026",Accepted (must disclose),nest-group-exhibition-fringe-arts-bath,false,2026-03-23
Michael P. Smith Fund for Documentary Photography 2025,New Orleans Photo Alliance,2026-05-04,$25,grant,"Annual grant honoring legendary New Orleans documentary photographer Michael P. Smith. Awards cash prizes and exhibition opportunities to Gulf Coast photographers whose work combines artistic excellence and a sustained commitment to a cultural documentary project. Open to photographers residing in Gulf Coast states: Texas, Louisiana, Mississippi, Alabama, Georgia, and Florida. Subject matter not limited to Gulf Coast region.",https://neworleansphotoalliance.org/michael-p-smith-fund-for-documentary-photography/,@photoalliance,"New Orleans, Louisiana, USA","$3,000 + exhibition",united-states,CaFE,10–20 images,,,,michael-p-smith-fund-for-documentary-photography-2025-new-orleans-photo-alliance,false,2026-03-23
Love & Romance Show,Blue Sky Gallery,2026-04-17,Free,exhibition,"Online exhibition exploring how love has transformed alongside cultural and societal changes, and how those shifts shape personal experience today. Submit up to 3 images connecting the theme of love and romance. Virtual exhibition launches May 7, 2026.",https://www.blueskygallery.org/news/the-love-and-romance-show-call-for-entry,@blueskygallerypdx,Online,,,Google Form,Up to 3 images,,"May 7, 2026",,love-romance-show-blue-sky-gallery,false,2026-03-22
EDITION 502 — Open Call for Photo Edition,EDITION 502,2026-04-30,Free,zine,"Open call for an independent 6×9 photo edition of 12 small photographs. EDITION 502 covers all design, production, and distribution costs. Author receives a percentage of sales. Looking for authors with a clear visual language and comprehensible concept, regardless of education or professional background. Submit 12 photographs with serial character, a cover sheet, and a text (max 2,400 characters).",https://edition-fuenf-null-zwei.org/,@edition.502,Online,Publication,,Email,12 images,,,,edition-502-open-call-for-photo-edition,true,2026-03-22
Texture of Light,Pro Photo DC,2026-04-01,Free,exhibition,"Photography exhibition exploring light as a tactile, physical medium. Submit images where light feels like a material — surface tension on objects, atmospheric mass in fog or dust, architecture of shadow, or abstract luminescence through long exposures and macro work. Selected images will be printed and displayed matted and framed at Western Market in Washington, DC. Exhibition opens May 2, 2026.",https://forms.gle/Cd9K572sL2e5Lpir9,@prophotodc,"Washington, DC, USA",,,Google Form,"Up to 3 images, high-res JPEG 300 dpi, min 12×12 in print size",,,,texture-of-light-pro-photo-dc,false,2026-03-22
Anja Niedringhaus Courage in Photojournalism Award 2026,International Women's Media Foundation,2026-03-31,Free,grant,"Award honoring courageous, high-impact photojournalism by women, nonbinary, and gender-diverse creatives. Submit 12 photographs (6 from 2024–2026, 6 from broader career) plus a 500-word statement. Open to women, nonbinary, and gender non-conforming photojournalists working full-time in journalism. Self-nomination or third-party nomination accepted. Named after Pulitzer Prize-winning photographer Anja Niedringhaus (1965–2014).",https://site.picter.com/2026-iwmf-anja-niedringhaus-award,@theiwmf,Online,"$20,000",women,Picter,12 images,"Corinne Dufka, Independent Researcher/Advisor; Whitney Johnson, President & CEO, Catalina Island Conservancy; Brent Lewis, Photo Editor, The New York Times; Enric Marti, Deputy Director of Photography, Associated Press; Benny Snyder, Photo Editor & Contest Coordinator, Associated Press; Sandra M. Stevenson, Deputy Director of Photography, The Washington Post; Bernadette Tuazon, Director of Photography, CNN Digital",May 2026,,anja-niedringhaus-courage-in-photojournalism-award-2026-international-women-s-media-foundation,false,2026-03-18
LT5 Alternative Photography Show,KALEID Gallery,2026-04-12,Free,exhibition,"Open call for photographers working in alternative photography — including toy and plastic cameras, Polaroid, pinhole, photograms, and other alternative processes. Submit up to 2 works for exhibition at KALEID Gallery in San Jose, CA. Opening reception May 1 during South First Fridays Art Walk. Exhibition runs May 1–29, 2026. Contact curator via DM or email for submission details.",https://www.instagram.com/kaleidgallery/,@kaleidgallery,"San Jose, CA, USA",,,Email,Up to 2 images,"Robertino Ragazza, Curator","April 15, 2026",,lt5-alternative-photography-show-kaleid-gallery,false,2026-03-21
Artphilein Open Call 2026,De Pietri Artphilein Foundation,2026-04-15,Free,exhibition,"Open call for photographers exploring adolescence from an internal perspective — digital culture, identity negotiation, and contemporary pressures experienced by young people. Submit a single PDF with 10–20 images. Winner receives a solo exhibition at Artphilein Library in Autumn 2026, publication in Artphilein Dossier, and CHF 1,000 cash award.",https://artphilein.org/foundation/projects/artphilein-open-call-2026,@artphilein__foundation,"Lugano, Switzerland","CHF 1,000",,Google Form,10–20 images,"Caterina De Pietri, Curator, Artphilein Foundation","April 30, 2026",,artphilein-open-call-2026,true,2026-03-18
L'Image Satellite 2026,Sept Off,2026-04-26,Free,exhibition,"Open call for photographers and visual artists working with contemporary still image practices including documentary, experimental, vernacular, and hybrid image forms. Selected artists exhibit at L'Image Satellite festival in Nice, September–October 2026. Artists receive €500 presentation fee, round-trip artwork transport, accommodation, and travel. Submit up to 20 JPEG images via online form and email.",https://sept-off.org/limage-satellite-2026-candidature-festival-2026/,@limage_satellite,"Nice, France",€500,,Email,Up to 20 images,,,,l-image-satellite-2026-sept-off,false,2026-03-18
2026 Fotograf Magazine Open Call,Fotograf Magazine,2026-04-30,€35,zine,"International open call for fine-art photography and moving image representing distinctly defined projects of independent and non-commercial character. Two selected projects published in the next printed issue. Jury includes Felix Hoffmann (Foto Arsenal Wien), Markéta Kinterová, and others. Open to professionals, amateurs, and students.",https://www.fotograf.zone/en/2026-fotograf-magazine-open-call,@fotograf.zone,"Prague, Czech Republic",Publication,,Email,Portfolio + project PDFs,"Felix Hoffmann, Curator & Artistic Director, FOTO ARSENAL WIEN; Markéta Kinterová, Director, Fotograf.zone; Michaela Nagyidaiová, Visual artist; Marta Szymańska, Photography curator; Peter Watkins, Visual artist & lecturer, FAMU","July 30, 2026",,2026-fotograf-magazine-open-call,true,2026-03-18
Fabula Works — Duo/Solo Show in Rome,Fabula Works,2026-05-17,€25,exhibition,"Inaugural open call for two photographers to exhibit in a five-week show at Millepiani Gallery in Rome. No thematic restrictions — submit 10–25 photographs as a cohesive series or curated selection. All printing and promotional costs fully covered. Opening reception June 26, 2026. Exhibition runs June 26–July 31, 2026.",https://fabula-works.com/opencall001,@fabula_works,"Rome, Italy",,,Website form,10–25 images,,,,fabula-works-duo-solo-show-in-rome,true,2026-03-18
Rarefied Light 2026,Alaska Photographic Center,2026-06-10,$30,photography,"Annual statewide juried exhibition with juror Nevada Wier (National Geographic, Smithsonian). Submit 1–20 images of any photographic form except AI-generated work. Selected work travels to galleries in Anchorage, Fairbanks, Juneau, and Cordova from October 2026. Includes three-day workshop (August 14–16) on color, light, action, and pattern in image-making.",https://akphotocenter.org/2026-rarefied-light-call-for-entry,@akphotocenter,"Anchorage, AK, USA",$300,united-states,CaFE,Up to 20 images,"Nevada Wier, Photographer",July 2026,Not accepted,rarefied-light-2026-alaska-photographic-center,false,2026-03-18
Prix Mustaqbal 2026 — Momentum,Fondation TGCC,2026-05-16,Free,exhibition,"Annual competition promoting emerging contemporary creation. Open to artists aged 18–35, Moroccan or foreign residents in Morocco, working in drawing, painting, installation, photography, or sound art. No thematic constraints. Approximately 15 finalists exhibited at Artorium in Casablanca. Winner receives artist residency at Jardin Rouge and duo-shows in Paris and Casablanca.",https://fondationtgcc.com/prix-mustaqbal/,@prixmustaqbal,"Casablanca, Morocco",,,Website form,4–8 images,,September 2026,,prix-mustaqbal-2026-momentum-fondation-tgcc,false,2026-03-17
No Place Art — Edition Two: MATERIALITY,No Place Art,2026-05-31,£24,exhibition,"International open call for artists working in printmaking, painting and mixed media. 80 artists selected for 10-day exhibition at The Handbag Factory in London. 30+ awards from 19 awarding bodies including purchase awards up to £1,000, artist residencies, solo and group exhibitions, mentoring, editorial features, materials vouchers, and workshops.",https://www.noplaceart.com/edition-two-materiality,@noplaceart,"London, United Kingdom","£1,000",,DappleHQ,Up to 5 images,"Aga Kubish, Printmaker; Conor Rush, Artist & Founder, Starving Artists; Geoffrey Howe, Mixed Media Artist; Giles Duley, Photographer & CEO, Legacy of War Foundation; Matthew Burrows, Painter & Founder, Artist Support Pledge; Pia Austin-Little, Co-Founder, Austin & Checker Art Advisory; Roland-Philippe Kretzschmar, Founder, The Art Bystander","June 22, 2026",,no-place-art-edition-two-materiality,true,2026-03-17
59 Rivoli — Artist Residency 2026,59 Rivoli,2026-04-17,Free,residency,"6-month artist residency at the iconic 59 Rivoli in the heart of Paris, a former squat turned official artist residence hosting 30 artists with free open studios visited by the public. Open to visual artists and sculptors of all ages, internationally. Residencies begin May 2026.",https://59rivoli.org/infos-pratiques/,@59rivoli,"Paris, France",,,Google Form,"Letter of motivation, CV, and portfolio in one PDF",,,,59-rivoli-artist-residency-2026,true,2026-03-17
LensCulture Critics' Choice 2026,LensCulture,2026-04-22,"Free (1 image), $10/additional",photography,"Global competition where 20 leading photography critics and curators each select 3 photographers. Up to 60 winners featured in LensCulture online gallery. Top Ten receive $1,000 cash grant each plus international group exhibition at Photo London 2027. Exposure to 3 million global audience. Open to all photographers worldwide.",https://www.lensculture.com/photo-competitions/critics-choice,@lensculture,Online,"$10,000",,LensCulture,1–10 images,"Alex Kahl, Online Editor, WePresent; Alex Pollack, Director of Photography, National Geographic; Anna Planas, Artistic Director, Paris Photo; Bindi Vora, Curator, Autograph; Cassidy Paul, Managing Editor Digital, Aperture; Claartje van Dijk, Senior Curator, Foam Photography Museum; Crista Dix, Executive Director, Griffin Museum; Darius Himes, International Head of Photographs, Christie's; Enrico Stefanelli, Artistic Director, Photolux Festival; Fiona Shields, Head of Photography, The Guardian; Giulia Zorzi, Founder, Micamera; Hannah Watson, Director, Trolley Books; Jane Yeomans, Senior Photo Editor, Bloomberg; Jessie Wender, Photo Editor, The New York Times; Jim Casper, Editor-in-Chief, LensCulture; Rhea Combs, Director of Curatorial Affairs, National Portrait Gallery; Rose Shoshana, Owner & Director, Rose Gallery; Taous R. Dahmani, Curator, The Photographers' Gallery; Xavier Canonne, Director, Musée de la Photographie; Yuri Yamada, Curator, Tokyo Photographic Art Museum",,,lensculture-critics-choice-2026,true,2026-03-17
Analog Sparks — International Film Photography Awards 2026,Analog Sparks,2026-07-31,€10–€25,photography,"International awards discovering and promoting analog photographers worldwide. Categories: Architecture, Fine Art, Human, Lifestyle, Nature, Photo Journalism, Technique, Zines & Photo Books. Accepts color/B&W film, instant film, collodion, alternative techniques, and hybrid analog-digital (no purely digital). Winners exhibited at House of Lucie in Athens and Ostuni.",https://www.analogsparksawards.com/submission-guidelines/,@analog_sparks,"Athens, Greece","€1,000",analog-photography,Website form,1–11 images,"Barna Erdesz, Art Director & Gallerist; Danial Shah, Documentary Photographer; Eva Szombat, Visual Artist; Hossein Farmani, Founder; Ibrahim Mursal, Visual Artist & Writer; Kenro Izu, Photographer; Kira Krasz, Visual Artist; Mikkel Horlyck, Photojournalist; Mo Laudi, Curator; Wanda Martin, Canon Ambassador",,Not accepted,analog-sparks-international-film-photography-awards-2026,true,2026-03-17
Athens Photo Festival 2026,Athens Photo Festival,2026-03-17,€25,exhibition,"Major international photography festival at Benaki Museum / Pireos 138. Approximately 80 artists selected for exhibition across 3,000+ square meters. Production costs covered, two-night accommodation provided. Additional opportunities include portfolio reviews, Talent Lab, artist residency (€600 honorarium). All genres welcome — fine art, conceptual, documentary, installation.",https://photofestival.gr/open-call/,@athensphoto,"Athens, Greece",,,,Up to 20 images,,"March 30, 2026",,athens-photo-festival-2026,true,2026-03-17
Griffin Museum — Material Work: Toil & Grace,Griffin Museum of Photography,2026-04-10,Free,exhibition,"Exhibition exploring the difficulty and beauty of labor in all forms — artistic, physical, emotional, intellectual, domestic, agricultural, industrial, invisible, and performative. Images of work that feel earned, revealing humanity found in toil. Exhibition at Griffin Museum July 29 – September 6, 2026.",https://griffinmuseum.org/calls-for-entry/,@griffinmuseum,"Winchester, MA, USA",,,Google Form,1 image,,"April 20, 2026",,griffin-museum-material-work-toil-grace,true,2026-03-17
RBSA Summer Show 2026,Royal Birmingham Society of Artists,2026-05-05,£13,exhibition,"Largest annual open exhibition at RBSA Gallery in Birmingham. All techniques and media welcome including photography and digital. Open to UK and international artists. £600 first prize, £300 second prize, plus highly commended certificates.",https://rbsa.org.uk/call-for-entries/rbsa-summer-show-2026/,@rbsagallery,"Birmingham, United Kingdom",£600,,Typeform,Up to 3 images,,"May 21, 2026",,rbsa-summer-show-2026-royal-birmingham-society-of-artists,false,2026-03-16
EXPOSED feat Witty Books Dummy Award 2026,Witty Books / EXPOSED,2026-04-19,Free,zine,International competition to publish an unpublished photobook. Winning project edited and published by Witty Books (400+ copies). 20 finalist dummies exhibited at Torino Photo Festival. Open to photographers and collectives with completed but unpublished editorial layouts.,https://exposed.to.it/en/public/exposed-feat-witty-books-dummy-award,@witty_books,"Turin, Italy",Publication,,Email,1 PDF,"Tommaso Parrillo, Witty Books; Giulia Ninotta, EXPOSED; Karla Hiraldo Voleau, Photographer",Early May 2026,,exposed-feat-witty-books-dummy-award-2026,true,2026-03-16
ZRNO Festival 2026 — Open Call,ZRNO Festival,2026-04-20,€14–€21,photography,"International festival of alternative photography. Seeking analog photographers working with alternative and noble processes — cyanotype, wet plate, collodion, and experimental techniques. Single works or cohesive bodies of work welcome. Theme: Unfocus to see.",https://grain.mk/open-call-2026/,@zrnofestival,"Skopje, North Macedonia",Exhibition,analog-photography,Email,Up to 4 images,"Anne-Mette S. Sommer-Kelter, Polaroid Photographer; Drago Vejnovic, Professor, Academy of Arts Banja Luka; Eva Schlogl, Visual Artist & Architect; Pep Minguez, Director, Revela'T Festival; Ivana Brezovac, Professor, Academy of Arts Novi Sad; Natasa Takac, Visual & Media Artist; Florian Kopr, Photographer & Printmaker; Sasho Alushevski, Alternative Photographer","May 15, 2026",,zrno-festival-2026-open-call,true,2026-03-16
PN Awards 2026 — Book Prize & Project Grant,Photography Network,2026-06-15,Free,grant,"Annual book prize honoring innovation in photography scholarship, expression, and dissemination. Project grant supports emerging scholars, curators, and artists with funds to complete works in progress.",https://www.photographynetwork.net/awards,@pnphotographynetwork,Online,,membership-required,Email,,"Lucy Gallun, Curator of Photography, MoMA; Ileana L. Selejan, Lecturer, University of Edinburgh; Giulia Paoletti, Associate Professor, University of Virginia",,,pn-awards-2026-book-prize-project-grant-photography-network,false,2026-03-16
KYOTOGRAPHIE Photo Zine Showcase,KYOTOGRAPHIE,2026-04-20,Free,zine,"Special exhibition within the KYOTOGRAPHIE Photobook Fair for emerging artists. Zines shown to international editors, photographers, curators, and publishers. Exhibition May 9–10, 2026 at Rohm Theatre Kyoto.",https://www.kyotographie.jp/photobook_fair/,@kyotographie_,"Kyoto, Japan",Exhibition,emerging,Google Form,1 zine,,,,kyotographie-photo-zine-showcase,true,2026-03-16
Fotografiska Emerging Artist Platform,Fotografiska,Continuous,Free,photography,"Platform with multiple open calls for emerging photographers including exhibitions at Fotografiska museums, the UN Headquarters, and brand collaborations. Also functions as a portfolio page for discovery.",https://emerging.fotografiska.com,@fotografiska.emerging,Online,Exhibition,emerging,Website form,3 images,"James Nachtwey, Photojournalist; Pauline Benthede, VP Artistic Direction, Fotografiska",,Not accepted,fotografiska-emerging-artist-platform,true,2026-03-16
PORTRAITS — Hellerau Photography Award 2026,PORTRAITS Hellerau,2026-05-03,€30–€50,photography,"Theme: Escapism. 11th edition of the international photography award. €8,000 total prizes (1st: €5,000, 2nd: €2,000, 3rd: €1,000). Series and individual submissions. 50% student discount on fees.",https://www.portraits-hellerau.com/en/competition/,@portraitshellerau_award,"Dresden, Germany","€5,000",,Picter,Up to 20 images,"Carena Schlewitt, Artistic Director, HELLERAU; Sim Chi Yin, Artist & Researcher; Daniel Blochwitz, Photographer & Curator; Angela Matyssek, Professor, Dresden University of Fine Arts; Sandra Buschow, Photographer & Curator",,Not accepted,portraits-hellerau-photography-award-2026,true,2026-03-16
PETARD Magazine Issue #2 — Authentic,PETARD Magazine,2026-04-16,Free,zine,"Print magazine exploring the tension between truth and performance, reality and replica. Accepting editorials, photo essays, performances, and visual projects. Priority for women-led teams and unpublished work. Pop-up exhibition and print launch June 2026.",https://www.instagram.com/petard.magazine/,@petard.magazine,Online,,,Email,Download link + PDF via email,,"April 18, 2026",,petard-magazine-issue-2-authentic,true,2026-03-16
KYOTOGRAPHIE International Portfolio Review 2026,KYOTOGRAPHIE,2026-03-31,"¥2,000 application + ¥25,000–¥40,000 if accepted",photography,"International portfolio review with world-class experts in Kyoto, April 17–19. Fujifilm Award and new KYOTOGRAPHIE x Dazed Award for emerging photographers. Open to all ages, nationalities, and career levels.",https://www.kyotographie.jp/portfolio-review/2026/,@kyotographie,"Kyoto, Japan","¥100,000",,JotForm,,"Thiago Nogueira, Contemporary Art Director, Moreira Salles Institute; Yumi Goto, Independent Curator; Mutsuko Ota, Editorial Director, IMA Magazine; Michael Famighetti, Editor-in-Chief, Aperture; Andrea Holzherr, Culture Director, Magnum Photos Paris; Takahiro Ito, Curator, Tokyo Photographic Art Museum; Marina Paulenka, Independent Curator; Federico Estol, Artistic Director, SAN JOSE FOTO",,,kyotographie-international-portfolio-review-2026,true,2026-03-16
Prix Révélation SAIF x La Kabine 2026,La Kabine / SAIF,2026-03-29,€5,photography,"Award supporting emerging contemporary photography. €2,000 prize plus exhibition during Festival OFF Arles. 30 finalists projected at La Nuit de l'Émergence with €100 each. Open to professional photographers of all nationalities, 18+.",https://form.jotform.com/260601459696364,@lakabine.centredelimage,"Arles, France","€2,000",emerging,JotForm,10–15 images,,,,prix-r-v-lation-saif-x-la-kabine-2026,true,2026-03-16
Fotobus Library Award 2026,Fotobus Society,2026-05-15,Free,zine,Annual award recognizing the 10 best photobooks of the year. Winning books exhibited at Rencontres d'Arles and Polycopies festivals. All publishers and bookmakers worldwide eligible. Books published Mar 2025–Mar 2026 in runs of 100+ copies.,https://fotobus-society.com/library-award/,@fotobus_society,"Arles, France",,,Post,1 book,,June 2026,Not accepted,fotobus-library-award-2026,true,2026-03-16
Deloitte Photo Grant 2026,Fondazione Deloitte,2026-06-14,Free,grant,"Theme: Proximities. Open to photographers under 35. €25,000 open call prize plus solo exhibition at Triennale Milano. €50,000 nominations category. Explores social, economic, and relational dimensions of proximity.",https://deloittephotogrant.com/en/contests/open-call-2026/,@deloitte_photogrant,"Milan, Italy","€25,000",under-35,Website form,10 images,"Denis Curti, Artistic Director (Jury President); Alec Soth, Photographer, Magnum Photos; Bruce Gilden, Photographer, Magnum Photos; Barbara Ceferin, Owner, Galerija Fotografija; Suzanne Cotter, Director, Museum of Contemporary Art Australia; Sunyoung Kim, Senior Curator, Museum Hanmi",September 2026,Accepted (must disclose),deloitte-photo-grant-2026,true,2026-03-16
Denis Roussel Award 2026,Rfotofolio,2026-06-27,Donation-based (PWYC),photography,"For photographers working with historical and alternative photographic processes including silver gelatin. Submit 7 images and statement. $2,000 main award plus merit awards. Portfolio review prize included.",https://rfotofolio.org/about-the-denis-roussel-award/,@rfotofolio,Online,"$2,000",,Email,7 images,,August 2026,Not accepted,denis-roussel-award-2026-rfotofolio,false,2026-03-16
Lucie Foundation Photo Book Prize 2026,Lucie Foundation,2026-09-15,$50–$75,zine,"Celebrating the most innovative photographic books. Three categories: Book of the Year ($3,000), First Book ($2,000), and Self-Published ($2,000). Open to photographers and publishers worldwide.",https://www.luciefoundation.org/lucie-foundation-photo-book-prize/,@luciefoundation,Online,"$3,000",,Website form,PDF of complete book,"Merve Arkunlar, Editor-in-Chief, 212 Magazine; Martin Schoeller, Photographer; Paul Baldonado, Street & Documentary Photographer; Elizabeth Krist, Independent Visual Editor; Jamel Shabazz, Photographer & Author; Monica Aguilar Villamarin, Visual Artist & Researcher; Eleni Mouzakiti, Curator & Artistic Director; Emmanuel Iduma, Co-Founder, Tender Photos; Yumi Goto, Independent Curator; Lele Saveri, Photographer & 8-Ball Community Co-Founder",Mid-September 2026,,lucie-foundation-photo-book-prize-2026,true,2026-03-16
Insight Foto Festival — Insight Out 2026,Insight Foto Festival,2026-01-25,Free,photography,"Open circuit for independent photography exhibitions and projects inspired by the theme ABITO. Open to artists, collectives, and local organizations. Sixth edition of the festival in Varese, Italy.",https://www.insightfotofest.it,@insight_foto_festival,"Varese, Italy",,,Google Form,,,,,insight-foto-festival-insight-out-2026,true,2026-03-16
"Bibin Photography Magazine #5 — Body, Form & Condition",Bibin Magazine,2026-03-31,Free,zine,"Quarterly contemporary photography magazine from Afghanistan. Issue #5 explores the body through formalist reading — volume, surface, and condition. 20 photographs selected per edition. Multiple submissions welcome.",https://bibinmagazine.com/submissions,@bibinmagazine,Online,,,,,"Shadi Mousavi, Art Critic & Researcher",,,bibin-photography-magazine-5-body-form-condition,true,2026-03-16
Penumbra Foundation Workspace Residency 2026,Penumbra Foundation,2026-04-01,Free,residency,"6–8 week residency in New York City with $7,000 honorarium. Access to comprehensive photographic facilities including darkrooms, digital labs, and studio space. Juried by Makeda Best, Natasha Chuk, and Walead Beshty.",https://site.picter.com/penumbra-foundation-residency-programs-2026,@penumbrafoundation,"New York, NY, USA","$7,000",united-states,Picter,10–20 images,"Makeda Best, Deputy Director of Curatorial Affairs, Oakland Museum of California; Natasha Chuk, Media Theorist & Researcher; Walead Beshty, Artist & Educator","May 15, 2026",,penumbra-foundation-workspace-residency-2026,true,2026-03-16
Penumbra Foundation Risograph Publication Residency,Penumbra Foundation,2026-04-01,Free,zine,"Residency to produce a small edition risograph photobook at Penumbra's facilities in NYC. No prior risograph experience required. Juried by Catherine McKinley, Joshua Chuang, and Travis Shaffer.",https://site.picter.com/penumbra-foundation-residency-programs-2026,@penumbrafoundation,"New York, NY, USA",,,Picter,15–30 images + PDF maquette,"Catherine E. McKinley, Curator & Writer; Joshua Chuang, Director of Photography, Gagosian; Travis Shaffer, Artist & Educator","May 15, 2026",,penumbra-foundation-risograph-publication-residency,true,2026-03-16
Generator Cooperative Art Production Fund — Round 10,Experimenter / Generator,2026-04-12,Free,grant,"Production bursaries for artists with no restrictions on age, medium, geography, or language. Supports project completion, seed funding, or continuing practice. Evaluated by rotating jury of artists and curators.",https://experimenter.in/labs/generator/,@generator_art_production_fund,Online,,,Google Form,10–15 images,,,,generator-cooperative-art-production-fund-round-10,true,2026-03-16
Curatory Magazine Vol. 15 — Open Call,Curatory Magazine,2026-03-10,"Free to submit, €30–€50 if selected",zine,International print and online magazine seeking artists working in any visual medium. Submit up to 6 artworks. Selected artists featured in both print and digital editions.,https://www.curatorymagazine.com/artist-submission,@curatory.magazine,Online,,,Website form,Up to 6 images,,,,curatory-magazine-vol-15-open-call,true,2026-03-16
Somewhere I Have Never Travelled — Group Exhibition,Art + Everywhere / Behind VA Shadows,2026-03-31,Free,exhibition,"Group exhibition exploring place as memory and memory as place. All mediums welcome including performance and installation. Exhibition runs July 12–September 12, 2026 in Harvard Square, Cambridge, MA. Artists responsible for shipping.",https://www.artpluseverywhere.com/event-details-registration/open-call-somewhere-i-have-never-travelled,@artpluseverywhere,"Cambridge, MA, USA",,,Website form,Up to 5 images (single PDF),"Brenda Melgoza Ciardiello, Curator; Stéphanie Williams, Curator","May 15, 2026",,somewhere-i-have-never-travelled-group-exhibition-art-everywhere-behind-va-shadows,false,2026-03-16
Nes Artist Residency — Fall 2026,Nes Artist Residency,Continuous,€850/month,residency,"Residency in Skagaströnd, Iceland for Sept/Oct/Nov 2026. Private bedroom, shared studio and library. 1–3 month stays. Open to artists, musicians, writers, and researchers. Remote location with opportunities for artistic and cultural exchange.",https://neslist.is/apply,@nesartistresidency,"Skagaströnd, Iceland",,,Website form,,,,,nes-artist-residency-fall-2026,true,2026-03-16
SCAN Tarragona — Talent Latent 2026,SCAN International Photography Festival,2026-04-12,Free,photography,"International photography festival open call. Theme: Metamorphosis. Selected projects exhibited at the festival (Oct 16–Nov 29, 2026) and receive €500 fee. Open to photographers 18+ of any nationality.",https://scan.cat/en/call-for-submissions-talent-latent/,@scantarragona,"Tarragona, Spain",€500,,JotForm,Up to 20 images,,End of May 2026,,scan-tarragona-talent-latent-2026,true,2026-03-16
Lobster Club Artist Residency 2026,Lobster Club,2026-03-23,$25,residency,"Weeklong summer residency (June 1–8) at Camp Singers in Delhi, New York — 88 acres with restored 1870s lodge. Group show in NYC opening June 10. All disciplines welcome. Simple application: photos of work and a brief about your plans.",https://form.typeform.com/to/ac0jgFGX,@lobster___club,"Delhi, NY, USA",,,Typeform,5–10 images,,Early April 2026,,lobster-club-artist-residency-2026,true,2026-03-16
REBIRTH — Monart Curates,Monart Curates,2026-04-15,£99,exhibition,"Curated group exhibition in Bermondsey, London (May 14–19, 2026). Open to artists working in painting, photography, installation, textile, and video.",https://www.curatorspace.com/opportunities/detail/rebirth-art-exhibition/10400,@monartcurates,"London, United Kingdom",,,CuratorSpace,,"Monica Mardare, Independent Curator",,,rebirth-monart-curates,true,2026-03-16
Suboart Magazine — May & June 2026 Issues,Suboart Magazine,2026-04-06,"Free to submit, €30 if selected",zine,"Independent print magazine based in Lisbon seeking emerging visual artists for in-depth interviews, Q&As, and features. Photography, painting, sculpture, textile art, collage, and illustration welcome. Artists receive a free PDF copy.",https://suboartmagazine.com/call-for-artists-may-june-2026-print-issues/,@suboartmagazine,Online,,,Email,Up to 6 images,,Late April 2026,Not accepted,suboart-magazine-may-june-2026-issues,true,2026-03-16
Field Notes — Aurea Photogallery,Aurea Photogallery,2026-03-31,"Free to submit, €30 if selected",photography,"Exhibition seeking photographs as visual observations — moments collected while moving through the world. Landscapes, street photography, portraits, and everyday details. One-month online exhibition with catalogue and permanent archive.",https://aureaphotogallery.com/open-call,@aurea.photogallery,Online,,,Website form,Up to 3 images,,,,field-notes-aurea-photogallery,true,2026-03-16
The Eden Artists Now Award 2026,The Eden Arts Foundation,2026-04-13,Free,grant,"Unrestricted $3,000 grant plus a four-week residency at The Elizabeth Foundation for the Arts in Midtown Manhattan. Open to visual artists demonstrating outstanding creativity and originality. Independent jury selection.",https://www.theedenartsfoundation.org/new-page-1,@the_eden_arts_foundation,"New York, NY, USA","$3,000",,Google Form,5–8 images,"Carmen Hermo, Curator of Contemporary Art, Museum of Fine Arts Boston; Elena Ketelsen González, Associate Curator, MoMA PS1","June 15, 2026",,the-eden-artists-now-award-2026,true,2026-03-16
Schloss Plüschow Artist-in-Residence 2026,Mecklenburg Artists' House,2026-05-03,€10,residency,"Five working scholarships for international visual artists. Three-month residency (October–December 2026) with €1,000/month stipend. On-site stay required at historic Schloss Plüschow in northern Germany.",https://www.plueschow.de/kuenstler/bewerbung/,@schlossplueschow,"Plüschow, Germany","€3,000",,Website form,"4 PDFs (project description, CV, work samples, proof of fee)",,June 2026,,schloss-pl-schow-artist-in-residence-2026-mecklenburg-artists-house,false,2026-03-16
Inspired by Classics — Golden Duck Gallery,Golden Duck Gallery,2026-03-29,"Free to submit, €100/artwork if selected",exhibition,"International open call for contemporary art engaging with classical art traditions. Study copies, homages, and modern interpretations welcome. Physical exhibition in Budapest, online exhibition in Vienna and New York. 3 artists exhibit free. €1,000 prize fund.",https://www.goldenduckgallery.com/open-calls/inspired-by-classics,@goldenduckgallery,"Budapest, Hungary","€1,000",,Google Form,Up to 5 images,,"April 3, 2026",,inspired-by-classics-golden-duck-gallery,true,2026-03-16
Life Framer — Black & White,Life Framer,2026-03-31,$20–$100,photography,"Monthly photography competition judged by Léa Thouin. All genres welcome. Winners exhibited at international galleries in New York, Tokyo, Milan, and Arles. $24,000 in total cash prizes across the year.",https://www.life-framer.com/competitions/,@life_framer,Online,"$2,000",,Website,Up to 10 images,"Léa Thouin, Photography historian, Fondation Henri Cartier-Bresson",,Not accepted,life-framer-black-white,true,2026-03-16
Life Framer — Colors,Life Framer,2026-04-30,$20–$100,photography,"Monthly photography competition judged by Jimmy Marble. All genres welcome. Winners exhibited at international galleries in New York, Tokyo, Milan, and Arles.",https://www.life-framer.com/competitions/,@life_framer,Online,"$2,000",,Website,Up to 10 images,"Jimmy Marble, Photographer & Creative Director",,Not accepted,life-framer-colors,true,2026-03-16
Life Framer — Portraits,Life Framer,2026-05-31,$20–$100,photography,"Monthly photography competition judged by Robin Hammond. All genres welcome. Winners exhibited at international galleries in New York, Tokyo, Milan, and Arles.",https://www.life-framer.com/competitions/,@life_framer,Online,"$2,000",,Website,Up to 10 images,"Robin Hammond, National Geographic Explorer & Documentary Photographer",,Not accepted,life-framer-portraits,true,2026-03-16
BBA Photography Prize 2026,BBA Gallery,2026-03-30,€59,photography,International photography prize open to all levels and themes. Selected work exhibited at BBA Gallery in Berlin. First prize includes solo exhibition in 2027 and Artsy profile.,https://bba-prizes.com/photography-prize,@bba.prizes,"Berlin, Germany","€1,000",,Website,5 images,"Vishal Shah, Managing & Creative Director, BBA Gallery; Renata Kudlacek, Director & Curator, BBA Gallery; Cia Durante, Art Consultant, MA Photography, Royal College of Art; Klaus J.A. Mellenthin, Photographer & Filmmaker; Alexander Jöchl, Director, Samurai Museum Berlin; Hannah Weber-Heidenfels, Fair Manager, Affordable Art Fair Germany","May 20, 2026",,bba-photography-prize-2026,true,2026-03-16
Arty Rat Magazine Open Call,Arty Rat,2026-04-01,"Free to submit, €35–€100 if selected",zine,Independent art magazine inviting artists and photographers worldwide to submit contemporary visual work. Two artists selected for cover features. One artist receives free participation in group exhibition in Vienna.,https://artyrat.com/opencall/,@artyratjournal,"Vienna, Austria",,,Email,Up to 6 images,,,,arty-rat-magazine-open-call,true,2026-03-16
MSU Zagreb Artist Residency 2026,Museum of Contemporary Art Zagreb,2026-04-01,Free,residency,"One-month international artist residency (September 20 to October 20, 2026) within the Meeting Point project and L'Internationale's Museum of the Commons programme. Focus on climate crisis, shared resources, and the museum's relationship to local communities. Includes accommodation, €1,500 participation fee, up to €500 travel support, curatorial dialogue, and access to local community networks. Process-oriented, not production-focused.",http://www.msu.hr/stranice/News/18/en.html,@msuzagreb,"Zagreb, Croatia","€1,500 + accommodation + travel",,,"Motivational letter, CV/portfolio",,"April 15, 2026",,msu-zagreb-artist-residency-2026-museum-of-contemporary-art-zagreb,false,2026-03-20
Louvre Unbound Magazine — Volume 6 Open Call,Louvre Unbound,2026-04-15,"Free to submit, $39–$139 if selected",zine,"International contemporary art magazine seeking visual artists worldwide. Painting, photography, sculpture, digital art, mixed media, and more. Submit up to 6 artworks for consideration. Selected artists are featured in print and promoted across social media.",https://louvreunbound.com/art-submission,@louvreunbound,Online,,,Google Form,Up to 6 images,,,,louvre-unbound-magazine-volume-6-open-call,true,2026-03-16
Musée du quai Branly Photography Award 2026,Musée du quai Branly – Jacques Chirac,2026-03-15,Free,grant,"Annual grant supporting non-European artists to create original photographic works for the museum's permanent collection. Three selected artists each receive €30,000 plus production support and travel to Paris.",https://site.picter.com/musee-quai-branly-photography-award-2026,,"Paris, France","€30,000",,,,,"July 30, 2026",,mus-e-du-quai-branly-photography-award-2026,true,2026-03-16
Photographers Without Borders Revolutionary Storyteller Grant,Photographers Without Borders,2026-03-30,Free,grant,"Three recipients worldwide receive $5,000 USD each for impact-driven photography projects focused on environment, land/water protection, decolonized conservation, queer ecology, and climate change.",https://www.photographerswithoutborders.org/revolutionaries,@photographerswithoutborders,Online,"$5,000",membership-required,,Up to 12 images,"Eman Mohammed, Photographer; Sophia Nasif, Photographer; Natalia Ortiz Mantilla, Photographer",,,photographers-without-borders-revolutionary-storyteller-grant,true,2026-03-16
10. Merck-Preis der Darmstädter Tage der Fotografie,Darmstadt Days of Photography,2026-03-15,€25,exhibition,"Festival seeking projects exploring 'unstable presence' through direct contact with reality. Finalists receive €500 production budget, travel reimbursement, and hotel accommodation.",https://phmuseum.com/awards/10-merck-preis-der-darmstadter-tage-der-fotografie,,"Darmstadt, Germany",€500,,,Up to 12 images,"Robin Hinsch, Photographer & Professor; Sara-Lena Maierhofer, Photographer & Professor; Ute Noll, Curator; Marcel Rauschkolb, Curator; Kris Scholz, Professor; Gregor Schuster, Photographer","April 20, 2026",,10-merck-preis-der-darmst-dter-tage-der-fotografie-darmstadt-days-of-photography,false,2026-03-16
On the Block - Street & Urban Photography,Lucie Foundation,2026-03-31,$20/image,exhibition,"Celebrates street and urban photography. Seeking unposed, unfiltered moments revealing quiet truths and vivid stories.",https://www.luciefoundation.org/open-call-on-the-block-2nd-edition/,,Online,,,,,"Paris Chong, Gallery Director, Leica Gallery Los Angeles; Lynn Johnson, Photographer, National Geographic",April 2026,,on-the-block-street-urban-photography-lucie-foundation,false,2026-03-16
Temporary Storage,Container Media,2026-03-15,Free,exhibition,"Online photo-based exhibition exploring duration, process, and time as material. Open to photographers using photo-based practices.",https://containermedia.org/open-call-temporary-storage,,Online,,,Email,Unlimited images,,,Accepted,temporary-storage-container-media,false,2026-03-16
Photo Laureate 2026,Saint Petersburg Month of Photography,2026-03-17,Check website,photography,Select one photographer to document Tampa Bay for one year. Winner receives solo exhibition at Florida Museum of Photographic Arts.,https://spmop.org/call-for-entries-pl-2026,,"Tampa Bay, FL, USA",,,,,,May 2026,,photo-laureate-2026-saint-petersburg-month-of-photography,false,2026-03-15
Solo Exhibition April 2026,All About Photo,2026-03-20,$45,exhibition,"Monthly featured photographer showcase with global audience visibility. April 1-30, 2026 in La Jolla, CA.",https://www.all-about-photo.com/all-about-photo-contest.php?cid=205,@allaboutphoto,"La Jolla, CA, USA",,,,6–14 images,"Sandrine Hermand-Grisel, Founder & Editor, All About Photo","April 1, 2026",,solo-exhibition-april-2026-all-about-photo,false,2026-03-15
Discovery Art Fair Cologne - Art Fair Spot,New & Abstract Gallery Berlin,2026-03-18,Check website,exhibition,Get an exclusive art fair spot at the Discovery Art Fair in Cologne at the New & Abstract booth. Open to abstract and contemporary artists.,https://www.newandabstract.com/pages/open-call,@new_and_abstract,"Cologne, Germany",,,,,,,,discovery-art-fair-cologne-art-fair-spot-new-abstract-gallery-berlin,false,2026-03-15
Seeing America,Viewpoint Photographic Art Center,2026-03-18,$30–$50,exhibition,Celebrating 250th Anniversary of the Declaration of Independence. Exhibition during Photography Month Sacramento.,https://www.viewpointphotoartcenter.org/call-for-entries-seeing-america/,,"Sacramento, CA, USA",$400,,,Up to 4 images,"Eric Lindberg, Adventure Travel Photographer","March 23, 2026",,seeing-america-viewpoint-photographic-art-center,false,2026-03-15
Organ Vida 14 - Happy Spiraling,Organ Vida Festival,2026-03-18,€35,exhibition,"Open to photographers and visual artists. Winners receive €300 artist fee, mentorship, exhibition at Museum of Contemporary Art Zagreb (June 2026), with travel and accommodation covered.",https://site.picter.com/organ-vida-2026,,"Zagreb, Croatia",€300,,,Up to 25 images,,Mid-April 2026,,organ-vida-14-happy-spiraling,true,2026-03-15
"Innovate Grants - Winter $1,800 Grants",Innovate Artist Grants,2026-03-19,$35,grant,"Two $1,800 quarterly grants for visual artists and photographers. Twelve honorable mentions also featured.",https://innovateartistgrants.org,@innovateartistgrants,Online,"$1,800",,,,,,,innovate-grants-winter-1-800-grants,true,2026-03-15
Call for Artists 2026,Tampa International Airport,2026-03-19,Check website,exhibition,"Building internationally acclaimed collection. Eight new locations available for diverse media including sculpture, wall-mounted art, and technology-based works.",https://www.tampaairport.com/call-for-artists,,"Tampa, FL, USA",,,,,,June 2026,,call-for-artists-2026-tampa-international-airport,false,2026-03-15
Dek Unu Magazine - Monthly Artist Feature,Dek Unu Magazine,2026-03-20,Check website,zine,International not-for-profit journal publishing one accomplished artist monthly in print and online. Easy email submissions process.,https://www.dekunumag.com/submit,,Online,,,Email,11 images,,,,dek-unu-magazine-monthly-artist-feature,true,2026-03-15
this place is strange,midwest nice art,2026-03-20,$5,exhibition,"Virtual exhibition seeking the weird underbelly of place — folklore, rust belt decay, uncanny moments. Artists worldwide welcome.",https://www.midwestnice.art/opencalls/thisplaceisstrange,@midwestniceart,Online,,,Google Form,Up to 3 images,"Morgan Laurens, Arts writer & Founder, Goblin Market","March 27, 2026",,this-place-is-strange-midwest-nice-art,false,2026-03-15
The Narrative,TCG Gallery,2026-04-20,Check website,exhibition,"International open call welcoming all forms of two-dimensional images, traditional and non-conventional media, and alternative photographic processes. Exhibition May 1 - June 1, 2026.",https://chateaugallery.com/call-for-entries/,@chateau_gallery,Online,,,Website form,Up to 3 images,,"April 27, 2026",Not accepted,the-narrative-tcg-gallery,false,2026-03-15
Bourse Laurent Troude 2026,Association Laurent Troude,2026-03-20,Free,grant,"8th edition of the photojournalism grant supporting photographers under 30 with a project on French territory. Subjects: political, cultural, social, or sports themes in a proximity photojournalism format. Prize: €8,000 from La SAIF and Libération, one-year Divergence Images subscription, exhibition/projection in spring 2027, and publication in Libération. Submit via WeTransfer.",https://www.bourselaurenttroude.com/,@bourselaurenttroude,"Paris, France","€8,000",under-30,Email + WeTransfer,5–10 images,,April 2026,Not accepted,bourse-laurent-troude-2026,true,2026-03-20
Multi-Exposed,Praxis Photo Arts Center,2026-03-22,Free for new members,exhibition,"Explores time overlaps and memory through photography. Exhibition: April 18 - May 16, 2026 in Minneapolis, MN.",https://www.praxisphotocenter.org/x2-sub-4-10,@praxis_gallery,"Minneapolis, MN, USA",Exhibition,,Smarter Entry,Up to 10 images,,"April 7, 2026",,multi-exposed-praxis-photo-arts-center,false,2026-03-15
Linkshouse Residency — Pier Arts Centre Orkney,Visual Arts Scotland,2026-03-15,Free,residency,"Month-long funded residency at Linkshouse in Birsay, Orkney, May 1–31, 2026. Partnership with Wilhelmina Barns-Graham Trust and Pier Arts Centre. Includes accommodation, £2,200 stipend, and travel bursary up to £250. On-site artist support and opportunity for future exhibitions with VAS. VAS membership required.",https://www.visualartsscotland.org/opportunity/open-call-linkshouse-residency-birsay-orkney/,@visualartsscotland,"Orkney, United Kingdom","£2,200 + accommodation",membership-required,Email,"1 PDF (statement, 4 responses, 6 images)",,End of March 2026,,linkshouse-residency-pier-arts-centre-orkney-visual-arts-scotland,false,2026-03-20
Premio Mila 2026,Malerba Fund,2026-03-22,Free,grant,"Supporting Italian or Italy-based artists under 40. Five finalists exhibited in Milan; winner receives €3,000 acquisition prize with work entering permanent collection.",https://www.fondomalerba.org/premio,@fmf_malerba,"Milan, Italy","€3,000",italy; under-40,Email + WeTransfer,Up to 15 images,"Andrea Elia Zanini, Curator, Fondo Malerba; Caterina Angelucci, Curator & Journalist; Matteo Balduzzi, Curator, MUFOCO; Marta Cereda, Artistic Director, Careof; Bernardo Follini, Curator, Fondazione Sandretto Re Rebaudengo; Francesca Lazzarini, Independent Curator",,,premio-mila-2026-malerba-fund,false,2026-03-15
Foto Tallinn 2026 Art Fair,Foto Tallinn,2026-03-23,See application PDF,exhibition,"Estonia's only international art fair dedicated to contemporary photography. September 18-20, 2026 at Kai Art Centre in Tallinn.",https://www.fototallinn.ee/en/open-call/,@fototallinnfair,"Tallinn, Estonia",,,Website form,At least 5 images,"Anna Tellgren, Curator; Jeppe Ugelvig, Curator & Writer; Margot Samel, Gallerist; Sara Giuliattini, Curator; Lilian Hiob-Küttis, Curator",Late spring 2026,,foto-tallinn-2026-art-fair,true,2026-03-15
Whimsical,A Photographer's Place,2026-03-23,$35,exhibition,"Seeking work that surprises, delights, and transports viewers through playful storytelling, surreal elements, and unexpected juxtapositions.",https://www.aphotographersplace.photo/call-for-submissions,@aphotographersplace,"Raleigh, NC, USA",Exhibition,,Smarter Entry,Up to 5 images,"Stephen Fletcher, Juror","March 25, 2026",,whimsical-a-photographer-s-place,false,2026-03-15
10x10 Photobooks Research Grants Cycle 5,10x10 Photobooks,2026-03-23,Free,grant,"Three $2,500 grants supporting research on photobooks from Africa and its diaspora.",https://10x10photobooks.org/research-grants-cycle5-call/,@10x10photobooks,Online,"$2,500",,Google Form,Project description + bio,"Amy Sall, Founding Editor, SUNU Journal; Diane Frankel, Chair, George Rickey Foundation; Mariama Attah, Curator, National Museums Liverpool; Marjorie Ornston, Grants Director, 10x10 Photobooks",May 2026,,10x10-photobooks-research-grants-cycle-5,true,2026-03-15
Fast Forward: Analog Photography as a Third Space,Los Angeles Center for Photography,2026-03-24,$25–$200,exhibition,Analog-only submissions exploring how photography creates space for camaraderie and interaction. Darkroom prints and experimental work welcome.,https://losangelescenterofphotography.submittable.com/submit/351386/fast-forward-analog-photography-as-a-third-space,,"Los Angeles, CA, USA",,analog-photography,Submittable,Up to 35 images,"Aline Smithson, Founder & Editor, Lenscratch; Rotem Rozental, Executive Director & Chief Curator, LACP","March 27, 2026",Not accepted,fast-forward-analog-photography-as-a-third-space-los-angeles-center-for-photography,false,2026-03-15
The Magic of Light - Photography Open Call,Art/Space 114,2026-03-25,$45 for up to 5 images,exhibition,"Film, digital, and alternative process photography including hybrid approaches. Exhibited in Los Angeles, CA.",https://app.entrythingy.com/artspace114/artspace-114-photography-open-call/,,"Los Angeles, CA, USA",,,EntryThingy,Up to 15 images,"Ann M. Jastrab, Executive Director, Center for Photographic Art","April 4, 2026",Not accepted,the-magic-of-light-photography-open-call-art-space-114,false,2026-03-15
The Human Portrait,Photo Artfolio,2026-03-25,$20,photography,"Global online exhibit honoring portraiture in all its forms — documentary, fine art, street, conceptual, experimental, self-portraiture, and beyond. Seeking portraits that convey presence, emotion, tension, or quiet recognition. $20 for first image, $5 each additional, up to 20 images total. No AI-generated imagery.",https://www.photo-artfolio.com/calls-for-entry,@photo_artfolio,Online,"$1,000",,Website form,Up to 20 images,,"April 15, 2026",Not accepted,the-human-portrait-photo-artfolio,false,2026-03-20
BOTANICAL Photography Exhibit,Dusk Photo Gallery,2026-03-26,$40–$45,exhibition,"Beyond documentation — seeking character in a leaf, architecture in a seedpod. All styles and processes welcome. Santa Fe, NM.",https://duskphotogallery.com,@dusk.photogallery,"Santa Fe, NM, USA",,,Website form,5 or 10 images,"Holly Hart, Fine Art Photographer & Founder, Dusk Gallery","April 9, 2026",,botanical-photography-exhibit-dusk-photo-gallery,false,2026-03-15
Photographic Exploration Project: ENTANGLEMENT,PEP Photography,2026-03-26,€5–€15,exhibition,"Explores intricate webs of connections from intimate relationships to global systems. Group exhibition at Loop Raum in Berlin, July 2026.",https://www.pep.photography/calls,@photographicexplorationproject,"Berlin, Germany",,,JotForm,1–10 images,"Rüdiger Lange, Artistic Director, Loop – Raum für aktuelle Kunst; Bénédicte Blondeau, Founder & Curator, PEP",,,photographic-exploration-project-entanglement-pep-photography,false,2026-03-15
Portfolio 2026,Atlanta Photography Group,2026-03-27,$75–$105,exhibition,"Juried exhibition featuring cohesive bodies of work. Juror: Natasha Egan (MoCP). Winner eligible for $4,000 High Museum purchase award.",https://atlantaphotographygroup.org/events/call-for-entry-portfolio-2026/,@atlantaphotographygroup,"Atlanta, GA, USA","$4,000",membership-required,Dropbox,10 or 20 images,"Natasha Egan, Executive Director, Museum of Contemporary Photography","April 5, 2026",,portfolio-2026-atlanta-photography-group,false,2026-03-15
COLOR Photography Exhibit,Decode Gallery,2026-03-28,$40–$45,exhibition,"Exploring color as one of the most powerful storytelling tools. Bold, subtle, vibrant, or muted approaches welcome. Tucson, AZ.",https://decodegallery.com/color,@decode_gallery,"Tucson, AZ, USA",,,Website form,5 or 10 images,"Holly Hart, Founder, Decode Gallery","~April 11, 2026",,color-photography-exhibit-decode-gallery,false,2026-03-15
Contemporary Trends in Beauty - Alternative Processes,L.A. Photo Curator,2026-03-29,$25,exhibition,Handcrafted prints using alternative photographic processes. No AI-generated images; final print must be handmade. Juried by Diana H. Bloomfield and Chris Anderson.,https://laphotocurator.com/call-for-entry-contemporary-trends-in-beauty-with-diana-h-bloomfield-chris-anderson,@laphotocurator7,Online,,alternative-process,Email,3 or 6 images,"Diana H. Bloomfield, Visual Storyteller; Christina Z. Anderson, Alternative Processes Artist",,Not accepted,contemporary-trends-in-beauty-alternative-processes-l-a-photo-curator,false,2026-03-15
Centrale Festival Open Call 2026,Fano Centrale Festival,2026-03-29,Free,exhibition,"Seeking 16 artists under 30 specializing in photography and video art for exhibition in Fano, Italy (June 12-27, 2026). Festival manages curation and setup.",https://phmuseum.com/awards/centrale-festival-open-call-2026,@centralefestival,"Fano, Italy",,under-30,Email,,"Claudia Bigongiari, Managing Editor, Pellicola Magazine; Lori Lako, Visual Artist; Sara Poli, Director, Forno Project",,,centrale-festival-open-call-2026,true,2026-03-15
Abstract Visions,Artdoc Photography Magazine,2026-03-30,Free,zine,"Invites abstraction as a way of seeing, sensing, and surviving. Welcomes projects communicating through atmosphere, rhythm, colour, and form. Amsterdam.",https://www.artdoc.photo/open-call/abstract-visions,@artdoc_magazine,Online,,membership-required,Website form,,,,,abstract-visions-artdoc-photography-magazine,false,2026-03-15
The Process Room - Open Call for Workshops & Artworks,Alternative Processes,2026-03-31,Open Offer (PWYC),photography,Open call for workshops and artworks exploring alternative photographic processes. Presented in collaboration with Photobook Cafe.,https://www.alternativeprocesses.org/theprocessroom,@alternativeprocesses,"London, United Kingdom",Exhibition,,Google Form,,,,,the-process-room-open-call-for-workshops-artworks-alternative-processes,false,2026-03-15
Mini Artist Grant for Emerging & Mid-Career Artists,Photo Trouvee Magazine,2026-03-31,$10,grant,Artist grant for emerging and mid-career artists working with found photography and alternative processes.,https://www.phototrouveemagazine.com/mini-grant,@phototrouveemagazine,Online,,,JotForm,Up to 5 images,,,,mini-artist-grant-for-emerging-mid-career-artists-photo-trouvee-magazine,false,2026-03-15
Colour Calendar Event,AlternativePhotography.com,2026-03-31,Free,photography,"Annual event inviting artists to introduce colour into monochrome alternative processes — cyanotype, chemigram, anthotype, and more.",https://www.alternativephotography.com/calendar-event/,@alternativephotography_com,Online,,alternative-process; membership-required,Email,Single image,,,Not accepted,colour-calendar-event-alternativephotography-com,false,2026-03-15
FotoSlovo Award 2026,FotoSlovo,2026-03-31,€9–€42,grant,"International competition across all genres. Prizes: €2,000 cash, iPhone, Limassol Biennale participation, exhibitions in Bucharest and Frejus, magazine feature, festival projections, free book production.",https://fotoslovo.art/en/awards2026,@fotoslovo_award,"Bucharest, Romania","€2,000",,Website form,1–15 images,"Whitney Cole, Director, Candela Gallery; Ali Besikci, Photographer & Founder of ZONE; Madara Ulme, Artistic Director, SNAP Collective; Souhayl A, Winner FotoSlovo Awards 2024; Arnis Balcus, Editor-in-Chief, FK Magazine; Laza Anna, Founder of FotoSlovo",,Dedicated category,fotoslovo-award-2026,true,2026-03-15
Ephemere Photobook Grant 2026,Ephemere Photo Fest,2026-03-31,Free,zine,"Selected artist receives 100% production coverage for an eco-conscious monograph published in Japan, global distribution, and round-trip airfare to Tokyo for launch at Ephemere Photo Fest (October 2026).",https://www.ephemere.tokyo/grants,@ephemere.tokyo,"Tokyo, Japan",,,Google Form,Book dummy,"Anne Murayama, Curator & Director, Ephemere; Jordan Reyes, Creative Partner, Ephemere",May 2026,,ephemere-photobook-grant-2026,true,2026-03-15
2026 Street Photo Award,The Independent Photographer,2026-03-31,$15–$40,photography,"Monthly street photography competition. Submit candid moments from packed corners to stark geometry. Winner receives $1,000, exhibition at PBC Gallery London, and feature. Total prize pool $2,700. Judge: Gulnara Samoilova.",https://independent-photo.com/submit/,@theindependentphoto,Online,"$2,700",,Website form,"1, 3, or 6 images","Gulnara Samoilova, Photographer",,Not accepted,2026-street-photo-award-the-independent-photographer,false,2026-03-15
A Stranger's Face: Travel Portraits (KLPA),Kuala Lumpur Photo Awards,2026-03-31,€15-65,photography,"18th edition seeking travel portraits of strangers. Forty shortlisted photographers featured in Malaysian exhibition (September 2026) and international partner festivals. Prizes: €2,000/€1,000/€500.",https://site.picter.com/klphotoawards-2026,@klphotoawards,"Kuala Lumpur, Malaysia","€2,000",,Picter,Up to 10 images,"Aisha Nazar, Picture Editor, National Geographic Traveller UK; Michelle Sank, Documentary Photographer; Ivan Gabriel, Curator & Arts Practitioner; Ng Hui Hsien, Artist & Curator; She Escobar, Photographer","July 15, 2026",Not accepted,a-stranger-s-face-travel-portraits-klpa-kuala-lumpur-photo-awards,false,2026-03-15
AAP Magazine #56 Shadows,All About Photo,2026-03-31,$30–$35,zine,"Mastering shadows in photography. Winners receive $1,000 cash, publication in AAP Magazine #56, and global recognition.",https://www.all-about-photo.com/all-about-photo-contest.php?cid=209,,Online,"$1,000",,Website form,Up to 40 images,"Sandrine Hermand-Grisel, Founder & Editor, All About Photo",,,aap-magazine-56-shadows-all-about-photo,false,2026-03-15
"Color, Culture, Continuum – An Asian American Mosaic",Asian American Museum of Orange County,2026-03-31,$30,photography,"Celebrates Asian American life through photography. Professional and amateur photographers welcome to submit work exploring identity, heritage, and community.",https://aamuseumgp.org/events/mosaic,@asianamericanmuseumgp,"Orange County, CA, USA",,asian-american,SmarterEntry,Up to 3 images,"Kim Chapin, Executive Director of Photography, LA Times; Gong Cheng, Sports Photojournalist; Hiroshi Watanabe, Photographer",,,color-culture-continuum-an-asian-american-mosaic-asian-american-museum-of-orange-county,false,2026-03-16
Night Works,Decagon Gallery,2026-03-31,$10–$25,exhibition,Seeking images made after dark where night is not simply a setting but an active collaborator.,https://www.decagongallery.com/night-works-entry,@decagon_gallery,Online,$500,,Website form,1–8 images,,,,night-works-decagon-gallery,false,2026-03-15
Fall 2026 - Spring 2027 Solo Exhibitions,"SRO Photo Gallery, Texas Tech University",2026-03-31,Free,exhibition,"Six to eight solo exhibitions plus four moving image exhibitions. All styles and techniques welcome. Lubbock, Texas.",https://www.depts.ttu.edu/art/exhibits/landmark-arts/SRO_Photo_Gallery/SRO-call-for-submissions.php,@srophotogallery,"Lubbock, TX, USA",,,Email,20 images,,Early May 2026,,fall-2026-spring-2027-solo-exhibitions-sro-photo-gallery-texas-tech-university,false,2026-03-15
Hasselblad Foundation Photo Book Grant 2026,Hasselblad Foundation,2026-04-01,Free,grant,"Two grants of SEK 100,000 (~$9,500 USD) each supporting development and publication of photographic books. Projects should be largely edited but not yet published.",https://www.hasselbladfoundation.org/en/stipend/photo-book-fellowships/,@hasselbladfoundation,"Gothenburg, Sweden","SEK 100,000",professional,Picter,Digital book dummy,"Jacob Birch, Spine Studio; Maryam Fanni, HDK-Valand; Andréas Hagström, Hasselblad Foundation; Dragana Vujanovic Östlind, Hasselblad Foundation",June 2026,AI mockups must be disclosed,hasselblad-foundation-photo-book-grant-2026,true,2026-03-15
Grants in Photography 2026,Light Work,2026-04-01,Free,grant,"Five $3,000 grants for photographers in New York State (outside NYC region). Exhibition and publication in Contact Sheet.",https://lightwork.slideroom.com/,@lightworkorg,"Syracuse, NY, USA","$3,000",united-states,SlideRoom,,,,,grants-in-photography-2026-light-work,false,2026-03-15
Portals: New Perspectives,PhotoPlace Gallery,2026-04-06,$39,exhibition,"Exploring the visual and symbolic power of openings, thresholds, and transitions. Windows, doorways, mirrors, gates, archways, and frames within frames. Juror: Ann Jastrab.",https://photoplacegallery.com/online-juried-shows/portals-new-perspectives,@photoplacegallery,"Middlebury, VT, USA",Exhibition,,Website form,5+ images,"Ann Jastrab, Executive Director, Center for Photographic Art",,,portals-new-perspectives-photoplace-gallery,false,2026-03-16
CPA Artist Grants 2026,Center for Photographic Art,2026-04-07,$30,grant,"Five $5,000 grants across five categories: emerging photographer, mid-career photographer, landscape photographer, LGBTQ+ photographer, and Monterey County resident.",https://www.photography.org/events/call-for-entry-cpa-artist-grants-2025-ptxxb,@centerphotographicart,"Carmel-by-the-Sea, CA, USA","$5,000",,Website form,10–20 images,"Diane Chung, Founder, CHUNG 24 GALLERY; Gregory Harris, Curator of Photography, High Museum of Art; Frank Yamrus, Fine Art Photographer",,,cpa-artist-grants-2026-center-for-photographic-art,false,2026-03-16
Thoughts of Summer,Southeast Center for Photography,2026-04-15,$35,exhibition,"Celebrating summer — family, friends, vacations. Jurors: Lisa Woodward and Mia Dalglish (Pictura co-curators). Greenville, SC.",https://www.sec4p.com/thoughts-of-summer-prospectus,@sec4p,"Greenville, SC, USA",Exhibition,,Smarter Entry,Up to 25 images,"Lisa Woodward, Co-Curator, Pictura; Mia Dalglish, Co-Curator, Pictura","April 30, 2026",,thoughts-of-summer-southeast-center-for-photography,false,2026-03-15
2026 International Portfolio Competition,Soho Photo Gallery,2026-04-03,$60,exhibition,NYC's longest-running cooperative gallery awarding three solo shows. Portfolio: 10-15 images with consistent theme. No AI-generated work.,https://artist.callforentry.org/festivals_unique_info.php?ID=16804,@sohophotogallery,"New York, NY, USA",Solo exhibition,,CaFE,10–15 images,,,Not accepted,2026-international-portfolio-competition-soho-photo-gallery,false,2026-03-15
THE PORTRAIT,Praxis Photo Arts Center,2026-04-05,$35,exhibition,"Explores depth and complexity of human subject. Juried by Elizabeth Flinsch. All lens-based practices welcome. Minneapolis, MN.",https://www.praxisphotocenter.org/x1-sub-5-11,,"Minneapolis, MN, USA",Exhibition,,Website form,Up to 10 images,"Elizabeth Flinsch, Editor, SHOTS Magazine","April 16, 2026",,the-portrait-praxis-photo-arts-center,false,2026-03-15
Earthly Fabulations,Der Greif,2026-04-08,Free (voluntary €10 donation),photography,Earth Day 2026 call for lens-based artists deconstructing landscape photography tradition. Ephemeral online exhibition displayed one month.,https://site.picter.com/der-greif-earthly-fabulations,@der_greif,Online,Exhibition,emerging,Picter,,"Caroline von Courten, Artistic Director, Der Greif; Francesca Hummler, Community Manager & Program Curator, Der Greif; Ilaria Sponda, Managing Editor & Project Manager, Der Greif; Carolina Semprucci, Graphic Designer & Assistant Editor, Der Greif","April 22, 2026",,earthly-fabulations-der-greif,false,2026-03-15
Sarajevo Photography Festival 2026,Sarajevo Photography Festival,2026-04-10,€15-30,exhibition,"Opening week June 1-7, 2026. Grand Prix: €2,000 cash. Canon-sponsored professional awards. Eight competition categories. Total prizes ~€7,000.",https://sarajevophotofest.com/spf-submit/,@sarajevophotographyfestival,"Sarajevo, Bosnia and Herzegovina","€2,000",,Website form,,"Simone Azzoni, Professor, Contemporary Art History; Marko Drobnjaković, Documentary Photographer; Teresa Freitas, Director, Lisbon Street Photo Fest; Šejla Kamerić, Visual Artist; Coline Plançon, Curator & Coordinator, PhotoSaintGermain; Fernanda Prado Verčič, Director, Kranj Foto Fest; Ionuț Trandafirescu, Director, Bucharest Photofest",,Not accepted,sarajevo-photography-festival-2026,true,2026-03-15
Framed: Black and White,Black Box Gallery,2026-04-10,$40,exhibition,"Juried black and white group show exploring classic, nostalgic and dynamic translation with diversity of contemporary voices. Portland, OR.",https://blackboxgallery.com/Framed-Black%20and%20White%202026-CFE.html,@blackboxgallerypdx,"Portland, OR, USA",Exhibition,,Email,Up to 5 images,"Todd Johnson, Founder & Director, Black Box Gallery","~April 17-20, 2026",,framed-black-and-white-black-box-gallery,false,2026-03-15
Hiding in Plain Sight,Rhode Island Center for Photographic Arts,2026-04-10,$35,exhibition,"Exploring the unseen and forgotten. Challenges myths and revalues overlooked subjects. Providence, RI.",https://www.riphotocenter.org/hiding-in-plain-sight-call-for-entry/,@riphotoarts,"Providence, RI, USA",$250,,CaFE,3–15 images,"Lou Jones, Photographer",,,hiding-in-plain-sight-rhode-island-center-for-photographic-arts,false,2026-03-15
Queer Conscience 2026 Photography Exhibition,The Image Flow,2026-04-04,$40,exhibition,"4th annual for LGBTQIA2+ community. Seeking work affirming our own truths and expressing resistance during Pride month. Mill Valley, CA.",https://theimageflow.com/gallery/call-for-entry-queer-conscience-2026-photography-exhibition/,@theimageflow,"San Anselmo, CA, USA",,united-states; lgbtq,ArtCall,Up to 5 images,"Conor Moynihan, Associate Curator, RISD Museum; Nathan Lomas, Gallery Coordinator, The Image Flow","April 17, 2026",,queer-conscience-2026-photography-exhibition-the-image-flow,false,2026-03-15
PPA Photo Award 2026,Pasadena Photography Arts,2026-04-12,$42,grant,"For emerging US photographers. Prize: $2,000 cash, interview, Lenscratch feature, virtual artist talk. Juror: Craig Krull, art dealer.",https://artist.callforentry.org/festivals_unique_info.php?ID=16748,@pasadenaphotoarts,Online,"$2,000",united-states; emerging,CaFE,10–20 images,"Craig Krull, Founder, Craig Krull Gallery","August 21, 2026","AI editing OK, fully generated not accepted",ppa-photo-award-2026-pasadena-photography-arts,false,2026-03-15
XVI Concurso Internacional de Fotografía sobre Humanización Asistencial,Hospital San Juan de Dios de León,2026-04-13,Free,photography,"16th edition of this international photography competition seeking images that reflect humanization, solidarity, and care in healthcare and everyday life. Photos can depict professional healthcare settings, family, personal, sports, or cultural environments where someone helps a person in need. Open to all adults. Up to 3 photographs per participant. Prizes: €600, €400, €200 plus a weekend stay.",https://hospitalsanjuandedios.es/actualidad/noticias/un-viaje-visual-a-la-esencia-de-los-cuidados/,@hsjdleon,"León, Spain",€600,,Email,Up to 3 images,,,,xvi-concurso-internacional-de-fotograf-a-sobre-humanizaci-n-asistencial-hospital-san-juan-de-dios-de-le-n,false,2026-03-20
light,A Smith Gallery,2026-04-13,$40 for first 5 images; $5 each additional,exhibition,"Exploring light as key element. 47 images selected. Exhibition May 8 - June 18, 2026. Juror: Elizabeth Avedon. Johnson City, TX.",https://asmithgallery.com/main-gallery-call-for-entry/,@asmithgallery,"Johnson City, TX, USA",,,Website form,Unlimited images,"Elizabeth Avedon, Curator & Photography Book Designer","April 24, 2026",,light-a-smith-gallery,false,2026-03-15
Sharing and Caring Cities: Portraits of Collective Urban Life,Penn Institute for Urban Research,2026-04-15,Free,photography,10th annual photography contest exploring shared urban spaces addressing inequality and climate change. Open to all photographers.,https://penniur.upenn.edu/media/photography-contest/2026-photography-contest-sharing-and-caring-cities,@pennurban,"Philadelphia, PA, USA",$500,,Website form,3 images,"Nikhil Anand, Professor of Anthropology, Penn; Amy Hillier, Associate Professor, Penn; Matthew Neff, Director, Undergraduate Fine Arts, Weitzman School; Jennifer Whittaker, Research Scientist, CHOP Policy Lab",,Not accepted,sharing-and-caring-cities-portraits-of-collective-urban-life-penn-institute-for-urban-research,false,2026-03-16
Portrait Awards 2026,Dodho Magazine,2026-04-15,€30,photography,"Fourth edition celebrating portrait as a space of presence, responsibility, and authorship amidst visual saturation. Barcelona.",https://www.dodho.com/photography-awards/,@dodhomagazine,"Barcelona, Spain",Publication,,Website form,"3, 6, or 12 images","Aline Smithson, Founder & Editor, Lenscratch; Burkhard Arnold, Gallery Director, in focus Galerie; Erin Hoyt, Executive Director, Filter Photo Festival; Roger Ballen, Photographer","May 1-3, 2026",,portrait-awards-2026-dodho-magazine,false,2026-03-15
ViewPoint Gallery International Photography Competition,ViewPoint Gallery,2026-04-15,$25,exhibition,"Twelve winners display professionally printed, matted, framed work for one month each from June 2026 to May 2027. Eastern Canada.",https://www.viewpointgallery.ca/photocontest,@viewpointgalleryhfx,"Halifax, Canada",Exhibition,,Website form,3 images,,"May 8, 2026",,viewpoint-gallery-international-photography-competition,true,2026-03-15
The Cortona on The Move / BarTur Grant,BarTur Photo Award / Cortona On The Move,2026-02-13,$25,grant,Supports photographers with ongoing projects. Honors visual storytellers who push the medium forward with clear authorship. Winners exhibited at Cortona On The Move festival. Note: Cortona On The Move and BarTur Photo Award have announced the conclusion of their collaboration after the first edition.,https://site.picter.com/cotm-bartur-grant-2026,@barturphoto_award,"Cortona, Italy","$30,000",professional,Picter,,,July 2026,Not accepted,the-cortona-on-the-move-bartur-grant,true,2026-03-15
Montgomery Photo Festival 2026,Montgomery Photo Festival,2026-04-17,$35,exhibition,"Eighth annual festival. Four categories: Color, Monochromatic, Alternative process, Manipulation. No theme; all work acceptable.",https://themontgomeryphotofestival2026.artcall.org,@thenine_montgomery,"Montgomery, AL, USA","$3,500",,ArtCall,3 images,"Carol McCusker, Juror","May 22, 2026",,montgomery-photo-festival-2026,true,2026-03-15
LUMINOSITY - The Impact of Light,New York Center for Photographic Arts,2026-04-19,$40,exhibition,"Exploring light's presence, absence, and location. Winners receive $4,000 cash, online gallery feature, catalog publication. New York, NY.",https://www.nyc4pa.com/luminosity,@nyc4pa,"New York, NY, USA","$4,000",,SmarterEntry,Unlimited images,"Crista Dix, Executive Director, Griffin Museum of Photography","~May 3-10, 2026",,luminosity-the-impact-of-light-new-york-center-for-photographic-arts,false,2026-03-15
FMoPA International Photography Competition 2026,Florida Museum of Photographic Arts,2026-04-22,$10,exhibition,"International jury selection. Winning entries printed and exhibited June 16 - August 2, 2026 at Ybor City, Tampa.",https://site.picter.com/fmopa-international-photography-competition-2026,@fmopa,"Tampa, FL, USA","$1,000",,Picter,,"Jessica Jarl, Global Director of Exhibitions, Fotografiska; Hiromi Nakamura, Photographer; Elena Paraskeva, Photographer; Bärbel Reinhard, Photographer, Curator & Educator; Kristen Roles, Photographic Artist & Educator","May 13, 2026",,fmopa-international-photography-competition-2026-florida-museum-of-photographic-arts,false,2026-03-15
CITY Photography Exhibit,Dusk Photo Gallery,2026-04-16,$40–$45,exhibition,"Capturing personal urban experience from quiet, unnoticed moments to the bustling energy of a metropolis. Santa Fe, NM.",https://duskphotogallery.com/city/,@duskphotogallery,"Santa Fe, NM, USA",,,Website form,5 or 10 images,"Holly Hart, Fine Art Photographer & Founder, Dusk Gallery","~May 7, 2026",,city-photography-exhibit-dusk-photo-gallery,false,2026-03-15
Film Photo Award 2026,Film Photo Award,2026-04-26,$25–$35,grant,"Three grants of professional film and complimentary processing by Praus Productions. Open to emerging, established, and student photographers worldwide.",https://artist.callforentry.org/festivals_unique_info.php?ID=17170,@filmphotoaward,Online,,united-states,CaFE,1–15 images,,Late May 2026,,film-photo-award-2026,true,2026-03-21
HOME Photography Exhibit,Decode Gallery,2026-04-18,$40–$45,exhibition,"Home as feeling, memory, sanctuary. Exploring domesticity, heritage, shelter, identity through diverse styles. Tucson, AZ.",https://decodegallery.com/home-call-for-entry,@decode_gallery,"Tucson, AZ, USA",,,Website form,5 or 10 images,"Holly Hart, Founder, Decode Gallery","~May 10, 2026",,home-photography-exhibit-decode-gallery,false,2026-03-15
Masterclasses Program 2026/2027,PhMuseum,2026-04-30,Paid (5 full scholarships available),education,"Online masterclasses led by Aaron Schuman, Charlie Engman, Erik Kessels, Salvatore Vitale, and Vasantha Yoganathan.",https://phmuseum.com/m26,@phmuseum,Online,,,PhMuseum,,,,,masterclasses-program-2026-2027-phmuseum,false,2026-03-15
FOTOFILMIC OPEN 2026,FotoFilmic,2026-02-28,$50,exhibition,"Open exhibition featuring contemporary film-based photography. Opening May 2, 2026 in Vancouver.",https://fotofilmic.com/open-call/,@fotofilmic,"Vancouver, Canada",Exhibition + publication,analog-photography,Fotofilmic,Up to 20 images,"Emily Keegin, Photo Director & Consultant",,Not accepted,fotofilmic-open-2026,true,2026-03-15
Exposure One Awards - One Shot Photo Contest,Exposure One,2026-03-25,$25–$50,photography,"Black and white photography celebration. Winners receive career-enhancing cash prizes, dedicated digital gallery, artist directory placement.",https://exposureoneawards.com/contests/one-shot-photo-contest,@exposureoneawards,Online,,,Exposure One Awards,1–5 images,"Beatrice Tamagnini, Vogue; Lindsey Sharman, Art Gallery of Alberta; Shana Lopes, SFMOMA; Susan Ciccotti, Aperture; Paris Chong, Leica Gallery LA","May 25, 2026",Not accepted,exposure-one-awards-one-shot-photo-contest,true,2026-03-15
The Hopper Prize Grants,The Hopper Prize,2026-05-05,$40,grant,"$13,000 total: 2 artists x $4,500 and 4 artists x $1,000. All visual art media eligible. 30-artist shortlist and online journal.",https://hopperprize.org/artist-grant-program/,@hopperprize,Online,"$4,500",,Hopper Prize,Up to 10 images,"Lauren Rosati, Associate Curator, The Metropolitan Museum of Art; Laura Phipps, Assistant Curator, Whitney Museum; Jody Graf, Assistant Curator, MoMA PS1; María Elena Ortiz, Curator, Pérez Art Museum Miami; Leila Grothe, Associate Curator, Baltimore Museum of Art",,,the-hopper-prize-grants,true,2026-03-15
7th Annual Alternative Process Photography Exhibition,The Image Flow / Praxis Gallery,2023-07-24,$35,exhibition,"Seeking work in cyanotype, wet plate collodion, salt printing, anthotype, gum bichromate, lumen printing, platinum/palladium, and other alternative processes.",https://theimageflow.com/gallery/call-for-entry-7th-annual-alternative-process-exhibition/,@theimageflow,"Mill Valley, CA, USA",,united-states,ArtCall,Up to 3 images,"Diane Chung, Founder, CHUNG 24 GALLERY; Brenton Hamilton, Photography Program Leader, UT Rio Grande Valley; Zack Sumner Schomp, Lecturer, CSU East Bay",,,7th-annual-alternative-process-photography-exhibition-the-image-flow-praxis-gallery,false,2026-03-15
SHADOW PLAY 2026,Cape Cod Art Center,2026-05-17,$15,exhibition,"Open juried online photography exhibit exploring shadow and light. Any interpretation of the theme welcome. Cash prizes for first, second, and honorable mention.",https://www.smarterentry.com/CallsForEntry/CapeCodArt,@capecodartcenter,Online,,,,,,,,shadow-play-2026-cape-cod-art-center,false,2026-03-16
1839 Awards Color Photography Contest,1839 Awards,2026-05-18,$25–$50,photography,"Celebrating color photography. Winners receive $4,000 cash prizes, dedicated digital gallery, global artist directory placement.",https://1839awards.com/contests/color-photo-contest,@1839awards,Online,"$2,500",,1839 Awards,1–5 images,"Alessa Widmer, University of Zurich; Derek Eng, Dwell; Hanna Girma, Serpentine; Hilary Greenbaum, Whitney Museum; Kelly Sidley, Bonhams; Maia Murphy, Phaidon Press","June 5, 2026",,1839-awards-color-photography-contest,true,2026-03-15
Photographic Performance 2026,A Smith Gallery,2026-05-18,$75,exhibition,"Sixth year. Seeking solo/cooperative exhibitions with conceptual narrative. Photography-based or mixed media welcome; installations considered. Johnson City, TX.",https://asmithgallery.com/photographic-performance-call-for-entry/,@asmithgallery,"Johnson City, TX, USA",,,Website form,12–20 images,"Amanda Smith, Founder & Co-Director; Kevin Tully, Co-Director","May 22, 2026",Not accepted,photographic-performance-2026-a-smith-gallery,false,2026-03-15
reFocus Awards - Black and White Photo Contest,reFocus Awards,2026-05-27,$25–$50,photography,Celebrating black and white photography. Winners receive career-enhancing cash prizes.,https://refocus-awards.com/contests/black-white-photo-contest,@refocus.awards,Online,,,reFocus Awards,1–5 images,"Gabriel H. Sanchez, Photo Editor, The New York Times; Anna Alexander, Director of Photography, WIRED; Dave Shelley, Co-Founder, Photoville; Paris Chong, Gallery Director, Leica Gallery LA; Maia Murphy, Senior Editor, Phaidon Press","June 15, 2026",,refocus-awards-black-and-white-photo-contest,true,2026-03-15
The Book Project - Street Photography,Black Box Gallery,2026-05-25,$40,zine,"Hardbound books each featuring 10 photographers (5 images each). Sixth call focusing on street photography. Portland, OR.",https://blackboxgallery.com/Street-2026-CFE.html,@blackboxgallerypdx,"Portland, OR, USA",,,Email,5–10 images,"Todd Johnson, Founder & Director, Black Box Gallery",~Early June 2026,,the-book-project-street-photography-black-box-gallery,false,2026-03-15
The Hand Magazine - Issue #53 Summer 2026,The Hand Magazine,2026-05-30,$15–$30 (subscription required),zine,Submit up to 5 images for Issue #53 of this international publication focused on photographic printmaking and hand-printed work. No theme — variety wanted. Must be a subscriber to submit. Ideal for alternative process artists.,https://www.thehandmagazine.space/current-call-for-entries/,@thehandmagazine,Online,,membership-required,Email,5 images,,,,the-hand-magazine-issue-53-summer-2026,true,2026-03-20
JUST ADD WATER,Art Fluent,2026-06-05,$25,exhibition,"Exploring water — oceans, rain, rivers, puddles. Artists worldwide invited. Online exhibition. Boston, MA.",https://art-fluent.com/calls-for-art/just-add-water-prospectus/,@art_fluent,Online,$750,,CaFE,20 images,"Amy Matteson Neill, Creative Director","July 2, 2026",Not accepted,just-add-water-art-fluent,false,2026-03-15
BOTANICALS,New York Center for Photographic Arts,2026-06-07,$40,exhibition,"All photographic processes accepted. Winners receive $4,000 cash, online gallery feature, catalog publication. New York, NY.",https://www.nyc4pa.com/from-a-seed,@nyc4pa,"New York, NY, USA","$4,000",,SmarterEntry,Unlimited images,"Dan Burkholder, Photographer",~Late June 2026,,botanicals-new-york-center-for-photographic-arts,false,2026-03-15
Snider Prize,Museum of Contemporary Photography at Columbia,2026-06-12,Free,grant,"For emerging artists in final year of graduate study. Winner: $3,000; two honorable mentions: $500 each. Acquisitions into MoCP permanent collection.",https://form.jotform.com/260064138609153,@mocpchi,"Chicago, IL, USA","$3,000",emerging,JotForm,10 images,,Fall 2026,,snider-prize-museum-of-contemporary-photography-at-columbia,false,2026-03-15
Evolution Grant,Art Fluent,2026-06-19,$35,grant,"Unrestricted $1,000 grant per cycle to individual artist with recognized artistic excellence and demonstrated commitment.",https://art-fluent.com/calls-for-art/evolution-grant-prospectus/,@art_fluent,Online,"$1,000",,CaFE,5–20 images,,,Not accepted,evolution-grant-art-fluent,false,2026-03-15
reFocus Awards - Color Photography Contest,reFocus Awards,2026-06-22,$25–$50,photography,Celebrating color photography. Winners receive career-enhancing cash prizes and digital gallery placement.,https://refocus-awards.com/contests/color-photo-contest,@refocus.awards,Online,,,Website form,,"Gabriel H. Sanchez, Photo Editor, The New York Times; Irene Opezzo, Photo Director, Robb Report; Rasha Kahil, Creative Director, HTSI Financial Times; Anna Alexander, Director of Photography, WIRED; Dave Shelley, Co-Founder, Photoville; Paris Chong, Gallery Director, Leica Gallery LA; Daniel Melamud, Editor, Rizzoli","July 13, 2026",,refocus-awards-color-photography-contest,true,2026-03-15
Helsinki Analog Festival 2026 - Analog Practice Exhibition,Helsinki Analog Festival,2026-06-01,€20,exhibition,International open call for artists using analog processes across various mediums. Celebrating materiality and craftsmanship.,https://www.forphotographersonly.com/event-details/helsinki-analog-festival-2026-analog-practice-exhibition,@helsinkianalogfestival,"Helsinki, Finland",,analog-photography,ForPhotographersOnly,,,,,helsinki-analog-festival-2026-analog-practice-exhibition,true,2026-03-15
2027 Artist-in-Residence Program,Light Work,2026-07-01,$10,residency,"$7,500 stipend plus furnished apartment and 24-hour studio access in Syracuse, NY. One of the most prestigious US photography residencies.",https://lightwork.slideroom.com/,@lightworkorg,"Syracuse, NY, USA","$5,000 + apartment + publication",,SlideRoom,20 images,,December 2026,,2027-artist-in-residence-program-light-work,false,2026-03-15
Arte Laguna Prize 2026,Arte Laguna Prize,2026-06-30,€97–€122,exhibition,"International competition at Arsenale Nord, Venice. 120 finalists exhibited in 3,000 sq. meters. €10,000 first prize. All contemporary art media welcome.",https://artelagunaprize.com/terms-and-conditions-of-arte-laguna-prize-2026/,@artelagunaprize,"Venice, Italy","€10,000",,artelaguna.world,5 images,"Sarah Crowe, Assistant Curator, Kunsthalle Wien; Yuko Hasegawa, Curator & Director, 21st Century Museum, Kanazawa; Wang Chunchen, Chief Curator, CAFA Art Museum Beijing; Hélio Menezes, Art Curator; Gianluigi Ricuperati, Curator & Art Director",,,arte-laguna-prize-2026,true,2026-03-21
IX International Mini Print Cantabria 2026,International Mini Print Cantabria,2026-07-31,€45–€65,exhibition,"Theme: Open Sea — Reality, imagination and poetics. All printmaking disciplines including digital prints and monotype. Max image/paper: 20x20 cm. Cantabria, Spain.",https://www.miniprintcantabria.es/en/ix-mini-print-2026,@minimiranda,"Cantabria, Spain",,,Website form,,"Carinna Parraman, Professor, University of the West of England Bristol; Eugènia Agustí, Visual Artist & Lecturer, University of Barcelona; Usama Habil, Artist & Assistant Professor, University of Salamanca","September 18, 2026",,ix-international-mini-print-cantabria-2026,true,2026-03-15
Photobook Open Call 2026,Photometria International Photography Festival,2026-02-20,€20,zine,"Open call for artist books, self-published photobooks, limited editions, zines, and DIY publications. Selected works shown at the 18th Photometria Festival (Sep-Nov 2026).",https://www.photometria.gr/en/photobook-open-call/,@photometria_festival,"Ioannina, Greece",,,Email + WeTransfer,,"Achilleas Tziakos, Co-Founder, Photometria Festival; Yorgos Yatromanolakis, Zoetrope Athens; Tiago Casanova, XYZ Books; Francesca Todde, Depart Pour L'Image",,,photobook-open-call-2026-photometria-international-photography-festival,false,2026-03-15
World Cyanotype Day,AlternativePhotography.com,2026-10-02,Free,photography,Annual international celebration of the cyanotype process. Submit your cyanotype work to be featured.,https://www.alternativephotography.com/world-cyanotype-day/,@alternativephotography_com,Online,,,Email,1 image,,,,world-cyanotype-day-alternativephotography-com,false,2026-03-15
World Anthotype Day,AlternativePhotography.com,2026-10-31,Free,photography,Annual celebration of plant-based photographic printing processes. Entries open August 1 through October 31.,https://www.alternativephotography.com/world-anthotype-day/,@alternativephotography_com,Online,,,Email,1 image,,,,world-anthotype-day-alternativephotography-com,false,2026-03-15
Innovate Grants - Quarterly Grants,Innovate Artist Grants,Continuous,$35,grant,"Quarterly grants: 2 x $1,800 (one photographer, one artist per quarter); 12 honorable mentions. Website and community recognition.",https://innovateartistgrants.org/apply,@innovateartistgrants,Online,"$1,800",,Paperform,3–10 images,,,,innovate-grants-quarterly-grants,true,2026-03-15
Analog Forever Magazine — Calls for Entry,Analog Forever Magazine,Continuous,Varies by call,zine,"High-quality print magazine (150+ pages, 8×10"") dedicated to film and analog process photography, published roughly annually. Also runs themed online group exhibitions curated by guest curators about four times a year. Check their calls-for-entry page for current open submissions.",https://www.analogforevermagazine.com/calls-for-entry/,@analogforeverzine,Online,Publication,analog-photography,,,,,,analog-forever-magazine-calls-for-entry,true,2026-03-15
Open Doors Takeovers,Open Doors Gallery,Continuous,£17,photography,Discovery account featuring artist takeovers. Connected to UNSEEN art fair and Approche. DM to propose a takeover.,https://opendoors.gallery,@odtakeovers,Online,"£1,500",emerging,,,,,,open-doors-takeovers,true,2026-03-15
Tomorrow's Talent - Open Submissions,Booooooom,Continuous,Free,zine,Global arts and culture platform featuring emerging artists. Submit your work for potential feature and inclusion in the Tomorrow's Talent book series.,https://www.booooooom.com/submit-your-work-to-booooooom-art-photo-blog/,@booooooom,Online,Publication,membership-required,Website form,5 images,,,,tomorrow-s-talent-open-submissions-booooooom,false,2026-03-15
PhMuseum Days 2026 Open Call,PhMuseum,Continuous,€18 early bird / €25,exhibition,"International photo festival competition offering 4 solo exhibitions plus additional opportunities. All approaches welcome, including experimental.",https://phmuseum.com/grants/2026-phmuseum-days-photography-open-call,@phmuseum,Online,Solo exhibition,,PhMuseum,5–20 images,"Giuseppe Oliverio, Founding & Artistic Director, PhMuseum; Pacifico Silano, Visual Artist; Rita Puig-Serra Costa, Photographer; Tara L. C. Sood, Photographer & Filmmaker",,Accepted (must disclose),phmuseum-days-2026-open-call,true,2026-03-15
Brussels Street Photography Festival 2026,Brussels Street Photography Festival,2026-03-25,€12–€45,photography,"International street photography competition with Singles and Series tracks. Singles: up to 10 individual photos. Series: 5–7 cohesive street photos. Winners exhibited at the festival in Brussels, May 28–31, 2026.",https://www.bspfestival.org/open-call,@bspfestival,"Brussels, Belgium","€4,150",,JotForm,1–10 images,,"May 28-31, 2026",,brussels-street-photography-festival-2026,true,2026-03-18
Form Photo Award 2026,Form Gallery,2026-03-29,€35,photography,"Annual photography prize dedicated to contemporary image-making. Open theme, accepts single images and series. Top 5 winners exhibit at photo basel during Art Basel Week in June 2026. Shortlisted receive digital exhibition and catalogue inclusion.",https://site.picter.com/form-photo-award-2026,@form.galerie,"Basel, Switzerland",Exhibition,,Picter,,"Sven Eisenhut-Hug, Co-Founder & Director, photo basel; Elwira Spychalska, Art Historian; Dimitri Bogachuk, Founder, Form","March 30, 2026",,form-photo-award-2026,true,2026-03-18
Head On Photo Festival 2026,Head On Foundation,2026-03-29,AUD 35,photography,"Major international photography festival in Sydney with an AUD 80,000 total prize pool across Portrait, Landscape, and Exposure categories. Blind-judged. Selected work exhibited in print and online during the November 2026 festival.",https://headon.org.au/submissions,@headonphotofest,"Sydney, Australia","AUD 80,000",,Website form,10 images,,November 2026,,head-on-photo-festival-2026,true,2026-03-18
Sirmione Photo Residency 2026,Comune di Sirmione,2026-03-31,Free,residency,"Two-week photography residency in Sirmione, Lake Garda (October 2026). Mentorship from Andrea Holzherr and Ludovica Pellegatta (Magnum Photos). Resulting work published as a book by the municipality.",https://sirmionefotografia.it/en/concorso/sirmione-photo-residency/,@comunedisirmione,"Sirmione, Italy","€2,500 + residency",,Website form,,"Andréa Holzherr, Global Cultural Director, Magnum Photos; Ludovica Pellegatta, Partnerships Director, Magnum Photos",,,sirmione-photo-residency-2026-comune-di-sirmione,false,2026-03-18
9th Chania International Photo Festival,Blank Wall Gallery,2026-03-31,Free (€43 if selected),exhibition,International photography exhibition in Chania's historic Grand Arsenali building. Submit 1–5 photos across 16 categories. Selected photos printed and framed at no cost by the festival.,https://www.cipfestival.com/contest/,@blankwallgallery,"Chania, Greece",Exhibition,,Email,1–5 images,"Maria Toutoudaki, Director, Blank Wall Gallery; Alain Schroeder, Photographer; Bob Patterson, Publisher, Street Photography Magazine; Frank Van Es, Professor, Grafisch Lyceum Rotterdam",,,9th-chania-international-photo-festival-blank-wall-gallery,false,2026-03-18
EuroNatur Photo Competition 2026,EuroNatur,2026-03-31,Free,photography,"Nature photography competition for photographers residing in Europe. Submit up to 5 photos of European flora, fauna, and landscapes. 33rd edition. Winners published in EuroNatur magazine and included in 2027 wall calendar.",https://www.euronatur.org/en/about-euronatur/information-and-contact/publications-and-events/photo-competition/competition-2026,@euronatur,"Radolfzell, Germany","€1,500",,Email,5 images,"Kerstin Sauer, Art Director, EuroNatur; Robin Vornholz, Editor, natur magazine; Peter Laufmann, Environmental Journalist",Fall 2026,,euronatur-photo-competition-2026,true,2026-03-18
Vision(ary) 2026: Raising Our Voices,Griffin Museum of Photography,2026-03-30,$45,exhibition,"Annual outdoor public art exhibition transforming downtown Winchester, MA into an open-air gallery (June–September 2026). Theme: advocacy and social justice. Submit 5–10 images of a complete project via CaFE. Juror: Elizabeth Krist (National Geographic).",https://artist.callforentry.org/festivals_unique_info.php?ID=16878,@griffinmuseum,"Winchester, MA, USA",Exhibition,,CaFE,5–10 images,"Elizabeth Krist, Senior Photo Editor, National Geographic","After May 1, 2026",,vision-ary-2026-raising-our-voices-griffin-museum-of-photography,false,2026-03-18
Griffin Museum — Self Published Photobook Exhibition 2026,Griffin Museum of Photography,2026-03-30,$45,exhibition,16th annual exhibition showcasing up to 50 self-published photobooks at the Griffin Gallery during summer 2026. Submit up to 3 photobook PDFs via CaFE. Jurors: Karen Davis (Davis Orton Gallery) and Crista Dix (Griffin Museum).,https://artist.callforentry.org/festivals_unique_info.php?ID=16877,@griffinmuseum,"Winchester, MA, USA",Exhibition,,CaFE,5 images,"Karen Davis, Curator, Davis Orton Gallery; Crista Dix, Executive Director, Griffin Museum","After May 1, 2026",,griffin-museum-self-published-photobook-exhibition-2026,true,2026-03-18
Siena Creative Photo Awards 2026,Siena Awards,2026-04-01,Free,photography,"International contest rewarding originality and experimentation in photography across 8 categories including Fine Art, People, Architecture, and Nature. Winners honored at the ceremony in Siena's Teatro dei Rinnovati.",https://sienawards.com/creative,@sienawards,"Siena, Italy",€500 + exhibition,,Website form,Unlimited images,"Ami Vitale, Photographer; Brian Skerry, Photographer; Steve Winter, Photographer; Kathy Moran, Photo Editor; Sarah Leen, Photographer; Yumi Goto, Curator","September 27, 2026",Not accepted,siena-creative-photo-awards-2026,true,2026-03-18
Objectif FEMMES 2026,PARISARTISTES#,2026-04-02,€40,exhibition,Open call for female photographers exploring the bicentennial of photography. Selected artists exhibit at Salons Aguado in Paris. Submit up to 10 photographs with artist statement. Open to professional and emerging photographers.,https://www.objectif-femmes.art/event/appel-a-candidatures-2026-2/register,@objectif_femmes,"Paris, France",Exhibition,women,Website form,10 images,,,Not accepted,objectif-femmes-2026-parisartistes,false,2026-03-18
Counter Histories Puerto Rico,Magnum Foundation,2026-04-01,Free,grant,"Fellowship for photographers engaging with Puerto Rico and its diaspora, supporting projects that creatively reframe the past. 8-month virtual fellowship with one in-person symposium. Up to 8 recipients. Applications in English or Spanish.",https://www.magnumfoundation.org/news/counter-histories-puerto-rico-2026-open-call,@magnumfoundation,Online,"$10,000",puerto-rico,Submittable,,,,,counter-histories-puerto-rico-magnum-foundation,false,2026-03-18
Golden Shot International Photography Awards 2026,Golden Shot Photography Awards,2026-04-10,$25–$35,photography,"International photography competition across 16 categories including Portrait, Landscape, Street, Fine Art, Documentary, and Nature. Open to professional and amateur photographers. Winners announced July 2026.",https://gspawards.com/,@gspawards,Online,"$1,000",,Website form,Unlimited images,"Ed Kashi, Photojournalist; Andrea Bruce, Photojournalist; Anna Alexander, Photographer; Cheryl Newman, Artist & Curator; Tomas Neuwirth, Photographer; Remi Masson, Photographer",,,golden-shot-international-photography-awards-2026,true,2026-03-18
Meitar Award for Excellence in Photography 2026,PHOTO IS:RAEL,2026-04-12,$35–$45,photography,International award recognizing a cohesive body of photographic work. 20 finalists exhibited at the International Photography Festival in Tel Aviv (November 2026). Winner receives a solo exhibition at the 2027 festival. 10th edition.,https://meitar.photoisrael.org/,@i_photography_festival,"Tel Aviv, Israel","$14,000",,Website form,6–12 images,"Roger Ballen, Photographer & Artist; Laura Letinsky, Professor, University of Chicago; Anne Leighton Massoni, Director, Houston Center for Photography; Michael Benson, Co-Founder, PHOTO LONDON; Dr. Gilad Reich, Curator of Photography, The Israel Museum",November 2026,,meitar-award-for-excellence-in-photography-2026-photo-is-rael,false,2026-03-18
Street Photography Barcelona Contest 2026,Street Photography Barcelona,2026-04-15,Free,photography,"International street photography contest seeking authentic images of urban life. Three geographic categories: Local (Barcelona), National (Spain), and International. 25 finalists exhibited at Galerie Art Nomade, Barcelona.",https://site.picter.com/street-photography-barcelona-2026,@streetphotography.barcelona,"Barcelona, Spain","€1,500",,Picter,,"Xavi Herrero, Festival Director; Olivier Verdier, Curator, Galerie Art Nomade","May 7, 2026",,street-photography-barcelona-contest-2026,true,2026-03-18
Impressum Photo Award 2026,Appennino Foto Festival,2026-04-26,€30,photography,International photography contest with 7 open-theme sections and 2 themed projects (2026 theme: Rigenerare). Submit up to 25 photos. Free entry for ages 16–20. Finalists exhibited at the festival galleries for one month.,https://www.impressumphotoaward.it/,@appenninofotofestival,"Marche, Italy","€3,900",,Website form,25 images,,Autumn 2026,Dedicated category,impressum-photo-award-2026-appennino-foto-festival,false,2026-03-18
Black & White Spider Awards 2026,Black & White Spider Awards,2026-04-24,$30–$35,photography,Leading international award honoring black-and-white photography. 21st edition. Open to professional and amateur photographers. 235+ title awards. Judged by Steve McCurry among others. Winners announced at live Photoshow November 2026.,https://www.thespiderawards.com/how-to-enter.php,@spiderawards,Online,,,Website form,Unlimited images,"Kelly Sidley, Head of Photographs, Bonhams; Jessica Baxter, Assistant Curator, Tate Modern; Sarah Kennel, Curator of Photography, VMFA; Sara Rizzo, Curator of Photography, MUDEC Milan","November 7, 2026",Not accepted,black-white-spider-awards-2026,true,2026-03-18
ND Awards 2026,ND Awards,2026-04-26,$19–$29,photography,"International photography competition across categories including Architecture, Editorial, Fine Art, Nature, People, and Special. Open to professional and non-professional photographers.",https://ndawards.net/,@ndmagazine,Online,"$3,500",,Website form,,,"November 22, 2026",,nd-awards-2026,true,2026-03-18
International Photography Awards 2026,International Photography Awards,2026-04-30,$20–$40,photography,"One of the world's most prestigious annual photography competitions. 23rd edition. Eleven categories including Fine Art, Documentary, Nature, Portrait, and Photojournalism. $60,000 total prize pool. Sister organization of the Lucie Foundation.",https://www.photoawards.com/,@iphotoawards,Online,"$10,000",,Website form,Unlimited images,"Hossein Farmani, Founder; Alex Pollack, National Geographic; Paris Chong, Leica Gallery LA; Phillip Prodger, Photography Historian",,,international-photography-awards-2026,true,2026-03-18
London Photography Awards 2026,International Awards Associate,2026-04-30,$25–$50,photography,"International photography awards across 13 categories including Architecture, Fine Art, Nature, Minimalist, Fashion, and Black & White. Separate professional and amateur/student divisions.",https://londonphotographyawards.com/london-photography-awards.php,@londonphotographyawards,"London, United Kingdom","$3,000",,Website form,,,"May 15, 2026",,london-photography-awards-2026-international-awards-associate,false,2026-03-18
Photo Journalism Prize 2026,Photo Journalism Prize,2026-04-30,€20–€25,photography,"International award honoring editorial and documentary photography. 11 categories including Conflict, Daily Life, Documentary, Human Rights, and News. Founded by Hossein Farmani, creator of the Lucie Awards.",https://photojournalismprize.com/,@photojournalismprize,Online,"€5,000",,Website form,1–10 images,"Jim Colton, Editor at Large, ZUMA Press Wire; James Nachtwey, Photojournalist; Steve McCurry, Photojournalist; Ron Haviv, Co-Founder, VII Foundation; Natasha Egan, Executive Director, MoCP; Alex Pollack, Director of Photography, National Geographic","June 15, 2026",,photo-journalism-prize-2026,true,2026-03-18
Gomma Black and White Photo Award 2026,Gomma Publishing,2026-04-30,€29,photography,International black-and-white photography competition for project-based work. Submit 8–24 B&W images from any medium. All genres welcome. Winners published in a dedicated book. 3rd edition.,https://gomma.submittable.com/submit,@gomma_books,Online,€500,,Submittable,8–24 images,,,Not accepted,gomma-black-and-white-photo-award-2026,true,2026-03-18
Landskrona Foto & Breadfield Dummy Award 2026,Landskrona Foto,2026-04-30,€30,zine,"International photobook dummy competition. Submit an unpublished photobook dummy as PDF. Winner receives full publication by Breadfield Press and Landskrona Foto in 2027 including design, printing, and distribution.",https://site.picter.com/landskrona-foto-and-breadfield-dummy-award-2026,@landskronafoto,"Landskrona, Sweden",Publication,,Picter,1 PDF,"Raquel Villar-Pérez, Independent Curator of Photography; Greger Ulf Nilson, Creative Director; Jenny Lindhe, Curator & Artist; Mandy Barker, Photographer; Lin Wei-Lun, Photographer","September 4, 2026",,landskrona-foto-breadfield-dummy-award-2026,true,2026-03-18
International Aerial Photographer of the Year 2026,International Aerial Photographer of the Year,2026-04-30,$22,photography,"Competition celebrating aerial photography from all platforms — drones, planes, helicopters, hot air balloons, mountains, and skyscrapers. Images must be aerial perspective, shot since January 2021.",https://internationalaerialphotographer.com/index.php/info/about-us,@ilpoty,Online,"$5,000",,Website form,,"Tom Hegen, Photographer; Tom Putt, Photographer; Isabella Tabacchi, Photographer",,Not accepted,international-aerial-photographer-of-the-year-2026,true,2026-03-18
ReA! Art Fair 2026,REA ARTE,2026-05-01,€40–€55,exhibition,"Open call for emerging visual artists including photographers for a contemporary art fair at Fabbrica del Vapore, Milan, October 22–25, 2026. All visual art accepted. 50 artists selected; no additional exhibiting costs.",https://www.reafair.com/open-call,@rea.fair,"Milan, Italy","€1,500",,,,,"June 1, 2026",,rea-art-fair-2026,true,2026-03-18
Prix Virginia 2026,Association Sylvia S.,2026-05-07,Free,grant,International photography prize exclusively for professional women photographers. Submit 12–18 cohesive photographs plus CV and artistic statement. Photos must not have been previously exhibited in France. Winner announced November 2026.,https://prixvirginia.awardsplatform.com,@prix_virginia,"Paris, France","€10,000",women; professional,Award Force,12–18 images,"Damarice Amao, Centre Pompidou; Anna Planas, Artistic Director, Paris Photo; Fiona Rogers, Curator, V&A; Pauline Vermare, Curator, Brooklyn Museum",November 2026,,prix-virginia-2026-association-sylvia-s,false,2026-03-18
MonoVisions Black & White Photography Awards 2026,MonoVisions Magazine,2026-05-17,$25–$30,photography,"International black-and-white photography competition across 12 categories including Abstract, Architecture, Fine Art, Landscape, and Street. Open to all skill levels.",https://monovisionsawards.com/,@monovisions,Online,"$5,000",,Website form,1 or 8 images,,"July 26, 2026",,monovisions-black-white-photography-awards-2026,true,2026-03-18
Nature Photographer of the Year 2026,Nature Photographer of the Year,2026-05-31,€34,photography,"International nature photography competition with 12 categories for individual images, a young photographers category, and the Fred Hazelhoff Award for portfolios. Award ceremony November 14, 2026.",https://naturephotographeroftheyear.com/enter-contest/npoty-2025/,@naturephotographeroftheyear,"Leeuwarden, Netherlands","€25,000",,Website form,,,"November 14, 2026",Not accepted,nature-photographer-of-the-year-2026,true,2026-03-18
HIPA Photography Award 2026,Hamdan Bin Mohammed Bin Rashid Al Maktoum,2026-05-31,Free,photography,"Major international photography award with 2026 theme 'Family.' Categories include Family, Dreams Through AI, Sports Photography, Portfolio, and General. Free entry, open to all photographers 18+.",https://www.hipa.ae/competitions,@hipaawards,"Dubai, United Arab Emirates","$1,000,000",,Website form,,,,Accepted only in AI category,hipa-photography-award-2026-hamdan-bin-mohammed-bin-rashid-al-maktoum,false,2026-03-18
Natural Landscape Photography Awards 2026,Natural Landscape Photography Awards,2026-05-31,$17–$68,photography,Competition celebrating realistic landscape and nature photography. No AI or compositing allowed. RAW file checks for finalists. Multiple categories from grand scenics to intimate abstracts.,https://naturallandscapeawards.com/about/,@naturallandscapeawards,Online,"$5,000",,Website form,1–18 images,Anna Morgan; Albert Dros; Wayne Suggs; Mark Littlejohn; Eric Bennett,"September 15, 2026",Not accepted,natural-landscape-photography-awards-2026,true,2026-03-18
Queer Nature Photography Awards 2026,Narwhal Rainbow Alliance,2026-08-31,Free,photography,Free-entry photography award celebrating LGBTQ+ diversity through nature photography. Theme: Queer Nature (non-human). Submit via WeTransfer. Prizes include exhibitions and publication.,https://www.narwhalrainbowalliance.com/queer-nature-photography-awards,@narwhal_rainbow_alliance,"Amsterdam, Netherlands","€1,000",,Email + WeTransfer,Up to 3 images,,"October 17, 2026",,queer-nature-photography-awards-2026-narwhal-rainbow-alliance,false,2026-03-18
The Shape of a Moment,Exposure Photo Gallery,2026-06-30,$5–$20,exhibition,International call exploring photography's ability to capture fleeting moments. Gold Award winner receives a solo exhibition. Exhibitions in Argentina and Los Angeles. Juror: Gary Hershorn (Reuters).,https://www.exposure.gallery/call-002.htm,@exposurephotogallery,"Rio Tercero, Argentina",$500,,Website form,Unlimited images,"Gary Hershorn, Photographer & Editor","August 3, 2026",,the-shape-of-a-moment-exposure-photo-gallery,false,2026-03-18
Chromatic Photography Awards 2026,Chromatic Awards,2026-07-19,$17–$22,photography,"International color photography competition across 20 categories including Aerial, Architecture, Fine Art, Landscape, Nature, Portrait, and Street. Separate Professional and Amateur divisions.",https://chromaticawards.com/information/,@chromaticawards,Online,"$2,000",,Website form,,,"December 20, 2026",,chromatic-photography-awards-2026,true,2026-03-18
PX3 Prix de la Photographie Paris 2026,Prix de la Photographie Paris,2026-07-22,€20–€50,photography,"One of Europe's most prestigious photography awards. Categories include Analog, Architecture, Book, Fine Art, Nature, Portraiture, Press, and Advertising. Winners exhibited in Paris and internationally.",https://px3.fr/submit/,@px3,"Paris, France","€5,000",,Website form,,"James Wellford, National Geographic; Steve McCurry, Photographer; Samuel Nja Kwa, Forbes Afrique",,,px3-prix-de-la-photographie-paris-2026,true,2026-03-18
Camera Clara Photo Award 2026,Prix Camera Clara,2026-07-31,Free,photography,Award dedicated exclusively to photographers using large-format cameras. Rewards unpublished work presented as a coherent series of 5–10 images. Winner receives prize money plus exhibition production.,https://en.prixcameraclara.com/apply,@prixcameraclara,"Paris, France","€8,000",analog-photography,Website form,,,"November 3, 2026",,camera-clara-photo-award-2026,true,2026-03-18
Tokyo International Foto Award 2026,Tokyo International Foto Awards,2026-08-01,€15–€40,photography,"International photography competition introducing photographers to the creative community in Tokyo. Categories include Advertising, Architecture, Editorial, Fine Art, Nature, People, and Portfolio. Winners exhibited in Tokyo.",https://www.tokyofotoawards.jp/submit/,@tokyofotoawards,"Tokyo, Japan","€3,000",,Website form,,"Hideko Kataoka, Photo Editor & Curator; Mariama Attah, Curator; Kenro Izu, Photographer; Susan Baraz, Lucie Foundation Co-Chair; Prof. William Snyder, Rochester Institute of Technology; Alfie Goodrich, Japanorama",,,tokyo-international-foto-award-2026,true,2026-03-18
Milano Photo Awards 2026,TheStreetSoup,2026-08-15,€20–€80,photography,"International photography exhibition and contest in Milan with a tribute to Sebastiao Salgado. Categories include street, portraits, reportage, and nature. Event September 25–27, 2026. Official sponsor: Nikon Italia.",https://milanophotoawards.com/en/the-contest/,@milanophotoawards,"Milan, Italy","€30,000",,Website form,2–10 images,,"September 25-27, 2026",,milano-photo-awards-2026-thestreetsoup,false,2026-03-18
Aesthetica Art Prize 2026,Aesthetica Magazine,2026-08-31,£25,exhibition,"Contemporary art prize celebrating photography, sculpture, installation, digital media, video, and painting. Winners receive exhibition at a major public gallery and publication in Aesthetica Magazine.",https://aestheticamagazine.com/artprize/,@aestheticamag,"York, United Kingdom","£10,000",,Website form,2 images,"Carrie Chan, Curator, V&A; Charlotte Hale, Head of Exhibitions, V&A Dundee; Taous Dahmani, Curator, The Photographers' Gallery",Spring 2027,,aesthetica-art-prize-2026,true,2026-03-18
MUSE Photography Awards 2026,International Awards Associate,2026-03-26,$25–$55,photography,"International photography competition across 14+ categories including Fine Art, Commercial, Nature, People, Minimalist, Editorial, B&W, Architecture, Fashion, and Mobile. Professional and Amateur/Student divisions. Winners featured on Muse.World.",https://musephotographyawards.com/photography-awards.php,@musephotographyawards,Online,"$3,000",,Website form,,,"April 10, 2026",,muse-photography-awards-2026-international-awards-associate,false,2026-03-18
International Color Awards 2026,International Color Awards,2026-03-27,$30–$35,photography,"19th annual international color photography competition. Over 235 title awards across 35 categories. Open to professional and amateur photographers. Winners announced at online Photoshow May 30, 2026. Sister competition to the Black & White Spider Awards.",https://www.colorawards.com/how-to-enter.html,@colorawards,Online,"$2,750",,Website form,Unlimited images,"James A. Ganz, Senior Curator of Photographs, The J. Paul Getty Museum; Venti Hristova, Creative Director, Netflix; Lorenzo Balbi, Director, MAMbo Bologna","May 30, 2026",Not accepted,international-color-awards-2026,true,2026-03-18
PX3 State of the World 2026,Prix de la Photographie Paris,2026-05-13,€35,photography,"Special PX3 contest for photographers to submit series of up to 10 images reflecting unfiltered global stories. 30 photographers selected for a curated exhibition at Paris Photo Prize, which travels internationally. Curated by Hossein Farmani.",https://px3.fr/state-of-the-world-photo-contest/,@px3,"Paris, France",€200 + exhibition,,,Up to 10 images,"James Wellford, National Geographic; Chiara Mariani, Corriere della Sera; Christian Gogolin, GEO Magazine; Christophe Loviny, Yangon Photo Festival; Moritz Neumüller, The Curator Ship; Guillaume Bonn, Photographer",,,px3-state-of-the-world-2026-prix-de-la-photographie-paris,false,2026-03-18
Blank Wall Gallery — Street Photography,Blank Wall Gallery,2026-03-26,Free,exhibition,"Open call for candid, spontaneous street photography capturing city life. Free to submit. Selected work exhibited at Blank Wall Gallery in Athens, April 24 – May 6, 2026.",https://www.blankwallgallery.com/contest-guidelines-free/,@blankwallgallery,"Athens, Greece",Exhibition,,Email,Up to 5 images,,,,blank-wall-gallery-street-photography,true,2026-03-18
Blank Wall Gallery — Red,Blank Wall Gallery,2026-04-23,Free,exhibition,"Open call for photos featuring red as the dominant color — exploring passion, emotion, and vibrant details. Free to submit. Selected work exhibited at Blank Wall Gallery in Athens, May 22 – June 3, 2026.",https://www.blankwallgallery.com/contest-guidelines-free/,@blankwallgallery,"Athens, Greece",Exhibition,,Email,Up to 5 images,,,,blank-wall-gallery-red,true,2026-03-18
Blank Wall Gallery — Best Portfolio 2026,Blank Wall Gallery,2026-05-31,Paid,exhibition,"International portfolio competition to discover and promote one photographer. Winner receives a two-week solo exhibition with 40 professionally produced prints plus international promotion, valued at over €2,200.",https://www.blankwallgallery.com/best-portfolio/,@blankwallgallery,"Athens, Greece",Solo exhibition,,Email,,,,,blank-wall-gallery-best-portfolio-2026,true,2026-03-18
Color/less — Cambridge Photography Gallery,Cambridge Photography Gallery,2026-03-30,Free (£15 if selected),exhibition,"Open call dedicated to color and its absence. Any approach to constructing the color space of the image is welcome — soft pastels, aggressive red, B&W silhouettes. Color (or its absence) must be a key element. Online exhibition April 10–25, 2026.",https://www.cambridgephotographygallery.com/open-call,@cambridgephotogallery,Online,Exhibition,,,,,,,color-less-cambridge-photography-gallery,true,2026-03-18
Daylight Photo Awards 2026,Daylight Books,2026-05-01,$35,photography,Photography competition recognizing outstanding photographic work. Top prize includes cash award and creation of a digital portfolio. Juror picks receive international marketing promotion and the opportunity to collaborate with Daylight on a monograph. Winners announced August 2026.,https://daylightphotoawards.com/guidelines,@daylightbooks,Online,"$2,500",,,15–20 images,,August 2026,,daylight-photo-awards-2026,true,2026-03-18
Fotografiska HOME — Global Open Call,Fotografiska,2026-07-12,Free,photography,"Global open call exploring home — safety, belonging, dignity, identity, and place. Selected works exhibited at United Nations Headquarters in New York on Human Rights Day, December 10, 2026. Guest curator: James Nachtwey. Submit up to 3 images. Lens-based photography only, no AI.",https://emerging.fotografiska.com/missions/home,@fotografiska.emerging,"New York, NY, USA",Exhibition,,,3 images,,October 2026,,fotografiska-home-global-open-call,true,2026-03-18
The Idle Class — Photography Issue,The Idle Class Magazine,2026-03-27,Free,zine,"Open call for photographers of all genres to submit work for the upcoming Photography Issue of The Idle Class Magazine. Submit via email with name, description, and files.",https://idleclassmag.com/,@theidleclass,Online,Publication,,Email,,,,,the-idle-class-photography-issue,true,2026-03-18
Berlin Photo Awards 2026,Berlin Photo Awards,2026-06-27,Paid,photography,"International photography competition with 24 categories including Portrait, Landscape, Street, Fine Art, Wildlife, Drone, Smartphone, and more. Winners exhibited at ERSTERERSTER Gallery in Berlin and published in the official Winners Photobook.",https://www.berlinphotoawards.com/submit-new-entry/,@berlinphotoawards,"Berlin, Germany","€4,000",,,,,"July 25, 2026","AI editing OK, fully generated not accepted",berlin-photo-awards-2026,true,2026-03-18
Galleri Format — Window Exhibition 2026,Galleri Format,2026-04-12,Free,exhibition,"Open call for artists working in the broad field of photography for the 6th edition of the Window Exhibition at Galleri Format, Malmö. Exhibition runs June 12 – August 9, 2026.",https://galleriformat.nu/,@galleriformat,"Malmö, Sweden",Exhibition,,,,,,,galleri-format-window-exhibition-2026,true,2026-03-18
Griffin Museum — Handmade Photobook Exhibition 2026,Griffin Museum of Photography,2026-03-30,$45,exhibition,2nd annual exhibition for handcrafted photobooks where the artist's hand shapes the object itself. Submit handmade photobooks via CaFE. Juror: Caleb Cain Marcus of Luminosity Lab.,https://www.griffinmuseum.org/calls-for-entry,@griffinmuseum,"Winchester, MA, USA",Exhibition,,CaFE,Up to 3 photobooks,"Caleb Cain Marcus, Luminosity Lab","After May 1, 2026",,griffin-museum-handmade-photobook-exhibition-2026,true,2026-03-18
Provoke USA — Open Call,Domino Film Photo Magazine,2026-03-28,Free,zine,Open call for a photography zine inspired by the Japanese Provoke movement — destabilizing certainty and revealing a world beyond conventional language. International submissions welcome. No AI-generated images. Submit via email with your Instagram handle. Name files with your name (e.g. JohnDoe 1).,https://www.instagram.com/provokezineusa/,@provokezineusa,"Chicago, IL, USA",Publication,,Email,,,,,provoke-usa-open-call-domino-film-photo-magazine,false,2026-03-18
Hariban Award 2026,Benrido,2026-06-15,$50,photography,"International collotype competition combining 170-year-old analogue printing with contemporary photography. Submit 12 black-and-white photographs. Grand Prize: funded two-week residency in Kyoto collaborating with master collotype printers, solo exhibition, and publication in official catalogue. Juror's Choice and Benrido Award winners receive catalogue publication and free Collotype Academy course.",https://site.picter.com/hariban-award-2026,@benrido.atelier,"Kyoto, Japan",Residency + exhibition,,Picter,12 images,"Diane Dufour, Founder & Artistic Director, LE BAL Paris; Erin O'Toole, Curator & Head of Photography, SFMOMA; KIM Jeong Eun, Founder, THE REFERENCE Seoul; Leo Rongone, Photographer & CEO, Moncler","September 15, 2026",,hariban-award-2026-benrido,false,2026-03-22
Dark Frames III — Carlotta Gallery,Carlotta Gallery,2026-04-10,Free (£20 if selected),exhibition,Black and white photography virtual exhibition. A continuation of the inquiry into monochrome photography — absence of colour as a space for deeper perception. Submit up to 3 images via email. Selected work shown in virtual exhibition with catalogue and certificate.,https://www.carlottagallery.co.uk/opencalls,@carlottagallery,Online,Exhibition,,Email,Up to 3 images,,,,dark-frames-iii-carlotta-gallery,true,2026-03-18
Flora — Carlotta Gallery,Carlotta Gallery,2026-04-20,Free (£20 if selected),exhibition,Nature photography virtual exhibition exploring the quiet intensity of plant life. From delicate details to expansive landscapes of growth. Submit up to 3 images via email. Selected work shown in virtual exhibition with catalogue and certificate.,https://www.carlottagallery.co.uk/opencalls,@carlottagallery,Online,Exhibition,,Email,Up to 3 images,,,,flora-carlotta-gallery,true,2026-03-18
Europe — Carlotta Gallery,Carlotta Gallery,2026-05-10,Free (£20 if selected),exhibition,"Photography virtual exhibition exploring Europe as a continuous negotiation between tradition and innovation, memory and experimentation. Submit up to 3 images via email. Selected work shown in virtual exhibition with catalogue and certificate.",https://www.carlottagallery.co.uk/opencalls,@carlottagallery,Online,Exhibition,,Email,Up to 3 images,,,,europe-carlotta-gallery,true,2026-03-18
Candid — Carlotta Gallery,Carlotta Gallery,2026-05-20,Free (£20 if selected),exhibition,"Candid photography virtual exhibition. The art of attention — rooted in presence, patience, and trust in the unfolding moment. Submit up to 3 images via email. Selected work shown in virtual exhibition with catalogue and certificate.",https://www.carlottagallery.co.uk/opencalls,@carlottagallery,Online,Exhibition,,Email,Up to 3 images,,,,candid-carlotta-gallery,true,2026-03-18
Summer — Carlotta Gallery,Carlotta Gallery,2026-06-10,Free (£20 if selected),exhibition,"Summer photography virtual exhibition. Summer is experienced differently across the world — intensity, brightness, stillness, or transformation. Submit up to 3 images via email. Selected work shown in virtual exhibition with catalogue and certificate.",https://www.carlottagallery.co.uk/opencalls,@carlottagallery,Online,Exhibition,,Email,Up to 3 images,,,,summer-carlotta-gallery,true,2026-03-18
Paradajs Photo Fest 2026 — Welcome to Paradise,Paradajs Photo Festival,2026-03-29,€10–€15,photography,"International photography open call exploring paradise in original, unconventional ways. Submit single photographs or series. Grand Prix winner receives €2,000, a one-month residency in Banská Štiavnica (fall 2026), production support, and a solo exhibition in 2027. 10 finalists shown in group exhibition.",https://festival.paradajsphoto.sk/program/open-call-2026,@paradajsphoto,"Banská Štiavnica, Slovakia","€2,000 + residency",,Google Form,Up to 10 images,"Jano Viazo, CEO, Paradajs Photo; Zuzana Pustaiová, Photographer & Editor; Branislav Štěpánek, Curator; Vanda Mesiariková, Photographer","~April 19, 2026",,paradajs-photo-fest-2026-welcome-to-paradise,true,2026-03-18
Beautiful Bizarre Art Prize — MPB Photography Award 2026,Beautiful Bizarre Magazine,2026-07-17,$40,photography,"International art prize (9th year) for representational photography in analogue or digital media. Submit fine art photography with only minor digital post-processing. 1st prize receives $3,000 cash, exhibition at Modern Eden Gallery in San Francisco, artwork published in December 2026 issue, in-depth interview, and 12-month Artist Directory listing. 2nd prize $1,000, 3rd prize $500 — all winners exhibit at Modern Eden. No AI-generated work accepted.",https://beautifulbizarreartprize.art/photography-award-prizes/,@beautifulbizarremagazine,Online,"$3,000",,Website form,1 image,,December 2026,Not accepted,beautiful-bizarre-art-prize-mpb-photography-award-2026,true,2026-03-18
FotoDoc Photo Contest 2026,FotoDoc Festival,2026-06-30,Free,photography,"International documentary photography contest with three categories: Single Image (1–3 photos), Photo Essay (6–8 photos), and Portfolio (10–15 photos). Free to submit; $29 publication fee only if selected. 60 finalists published in festival catalog. 25 winners exhibited at FotoDoc Festival in São Paulo in November 2026. Overall Portfolio winner receives trophy, airfare, and accommodation to attend the festival. No AI-generated images accepted.",https://fotodoc.com.br/en/contest/,@festivalfotodoc,"São Paulo, Brazil",Exhibition + travel,,Website form,1–15 images,,November 2026,Not accepted,fotodoc-photo-contest-2026,true,2026-03-18
SUB(SCAPE) — Manifest Gallery Season 22,Manifest Gallery,2026-03-29,$45,exhibition,"Themed group exhibition exploring what lies beneath the visible — structural, psychological, geological, social, or conceptual systems that sustain or destabilize the world above. Open to all media including photography. Submit up to 3 entries for $45, $5 per additional. Every exhibiting artist receives a $50 honorarium. One work selected for a $1,000 Grand Jury Award. Artists receive 70% on sales. Exhibition at Manifest Gallery in Cincinnati, July 10 – August 7, 2026. 22nd season of this nonprofit creative research gallery.",https://www.manifestgallery.org/season22/subscape/,@manifestgallery,"Cincinnati, OH, USA","$1,000",,Website form,Up to 3 images,,"June 1, 2026",,sub-scape-manifest-gallery-season-22,true,2026-03-18
Artadia Awards 2026 — New York City,Artadia,2026-04-01,Free,grant,"Unrestricted merit-based grants for contemporary visual artists including photographers. Three awardees receive $15,000 each. Two-round jury process: curators review applications, then conduct 45-minute virtual studio visits with 6 finalists. Non-selected finalists receive honorariums. Artadia runs awards in 7 US cities throughout the year — NYC deadline April 1, with San Francisco (May–June), Boston (Aug–Sep), Atlanta (Sep–Oct), and Houston (Oct–Nov) following. Past awardees include artists featured in the Whitney Biennial and Prospect New Orleans.",https://artadia.org/awards/,@artadia,"New York, NY, USA","$15,000",united-states,Submittable,8 images,,,,artadia-awards-2026-new-york-city,true,2026-03-18
XII Premio Internacional de Fotografía Jalón Ángel,Archivo Fotográfico Jalón Ángel,2026-05-04,Free,photography,"12th edition of this international photography prize organized by Universidad San Jorge in Zaragoza, Spain. Three categories: Portrait (spontaneous or posed), Travel (landscapes, cultures, traditions), and Migration & Borders (human movement, territorial and cultural limits). One photograph per category. No AI, no heavy retouching, RAW files may be requested. Winners announced June 25. Named after Jalón Ángel (1898–1976), one of Spain's most celebrated portrait photographers.",https://www.jalonangel.com/premio,@archivojalonangel,"Zaragoza, Spain","€1,500",,Website form,1 image per category,,"June 25, 2026",Not accepted,xii-premio-internacional-de-fotograf-a-jal-n-ngel,true,2026-03-18
Bethany Arts Community — Fall Multidisciplinary Residency 2026,Bethany Arts Community,2026-05-06,Free,residency,"Two-week artist residency in Ossining, New York (Sep 22 – Oct 6, 2026) for 12 artists across all disciplines including photography, visual arts, film, writing, and performance. Residents receive a $450 stipend, private studio, room and board, and 3 meals daily. Each artist facilitates one community program during the residency. Requires one letter of recommendation and one reference. Funded by the National Endowment for the Arts and New York State Council on the Arts.",https://bethanyarts.submittable.com/submit,@bethanyartsorg,"Ossining, NY, USA",$450 + residency,,Submittable,,,"June 26, 2026",,bethany-arts-community-fall-multidisciplinary-residency-2026,true,2026-03-18
Diane Dammeyer Fellowship in Photographic Arts and Social Awareness 2026/27,Museum of Contemporary Photography at Columbia,2026-06-12,Free,grant,"Fellowship supporting socially engaged photographers in creating work within a community. The fellow partners with a Chicago-based community organization to address human rights, social, economic, or cultural issues through photography. September–June commitment with flexible hours. Culminates in a public exhibition and/or publication at MoCP. Preference for Chicago-based projects. Requires MFA in photography or related field, or BA with 5 years post-degree creative practice. Two professional references required.",https://form.jotform.com/260464559982168,@mocpchi,"Chicago, IL, USA",Fellowship + exhibition,professional,JotForm,Up to 20 images,,,,diane-dammeyer-fellowship-in-photographic-arts-and-social-awareness-2026-27-museum-of-contemporary-photography-at-columbia,false,2026-03-19
XIX Premio de Fotografía Fundación ENAIRE 2026,Fundación ENAIRE,2026-04-13,Free,photography,"19th edition of this prestigious photography prize, running since 2005, in collaboration with PHotoESPAÑA. Open theme — submit up to 3 artistic photographs (digital or analog). Two-phase process: digital submission, then 30 finalists present physical prints (1x1m to 3x3m). Winning works join the ENAIRE Contemporary Art Collection. Finalists and winners exhibit at Naves de Gamazo in Santander during PHotoESPAÑA 2026. AI-generated images not allowed.",https://www.fundacionenaire.es/bases26/bases-premio-fotografia-2026.pdf,@fundacionenaire,"Santander, Spain","€12,000",professional,Website form,Up to 3 images,,"June 11, 2026",,xix-premio-de-fotograf-a-fundaci-n-enaire-2026,true,2026-03-19
International Photography and Football Open Call 2026,Fundación Televisa,2026-05-01,Free,photography,"International open call for photographers to capture football/soccer in any form — packed stadiums, dirt fields, color or black and white, cameras or phones. Winners exhibited alongside the Annie Leibovitz Futbol 2026 exhibition at the National Museum of Anthropology in Mexico City. Submit 1–3 images. Judged on originality, impact, and narrative quality.",https://site.picter.com/convocatoria-internacional-fotografia-y-futbol-2026,@fundaciontelevisa,"Mexico City, Mexico","$18,000",,,1–3 images,"Annie Leibovitz, Photographer; Pablo Ortiz Monasterio, Photographer & Editor; Carlos Cuarón, Filmmaker; Ana Hop, Photographer",May 2026,,international-photography-and-football-open-call-2026-fundaci-n-televisa,false,2026-03-19
Women Photograph + Leica Documentary Grant 2026,Women Photograph,2026-05-15,Free,grant,"Grant supporting women, nonbinary, and transgender documentary photographers. The $10,000 Leica grant supports ongoing documentary projects — submit 20 images showing substantial completed work. Seven additional $5,000 grants available for new or in-progress visual journalism projects. Applications open April 1.",https://www.womenphotograph.com/grants,@womenphotograph,Online,"$10,000",women,Picter,,,,,women-photograph-leica-documentary-grant-2026,true,2026-03-19
Lenscratch Student Prize 2026,Lenscratch,2026-06-01,Free,photography,"Annual prize supporting emerging student photographers. First Prize $2,000 cash plus year-long mentorship with Aline Smithson, portfolio reviews with curators, $500 Freestyle Photo gift certificate, and exhibition. Second Prize $1,000, Third $750, four Honorable Mentions $500 each.",https://lenscratch.com/2026/03/the-2026-lenscratch-student-prize-is-open/,@laboratoryforartists,Online,"$2,000",emerging,Google Forms,,"Aline Smithson, Founder & Editor-in-Chief, Lenscratch; Alexa Dilworth, Former Publishing Director, CDS at Duke University; Kris Graves, Director, Kris Graves Projects; Karen Haas, Lane Curator of Photographs, Museum of Fine Arts Boston; Yorgos Efthymiadis, Founder, The Curated Fridge; Hamidah Glasgow, Curator & Former Director, Center for Fine Art Photography",,,lenscratch-student-prize-2026,true,2026-03-19
Lenscratch Motherhood Exhibition,Lenscratch,2026-05-01,Free,exhibition,"Online exhibition exploring all dimensions of motherhood — traditional mother-child relationships, chosen families, caregiving, absence, loss, resilience, and inheritance. Submit one image via Google Form (72dpi, 1000px long side).",https://lenscratch.com/exhibitions/submit/,@laboratoryforartists,Online,,,Google Forms,1 image,,,,lenscratch-motherhood-exhibition,true,2026-03-19
Lenscratch Fatherhood Exhibition,Lenscratch,2026-06-13,Free,exhibition,"Online exhibition exploring fatherhood as an evolving role shaped by culture, responsibility, tenderness, and family expectations. Submit one image via Google Form (72dpi, 1000px long side).",https://lenscratch.com/exhibitions/submit/,@laboratoryforartists,Online,,,Google Forms,1 image,,,,lenscratch-fatherhood-exhibition,true,2026-03-19
Lenscratch Fault Lines: America Exhibition,Lenscratch,2026-06-19,Free,exhibition,"Online exhibition examining tensions, fractures, and transformations across America — resistance, social change, protest, activism, justice, identity, power, and freedom. Submit one image via Google Form (72dpi, 1000px long side). Timed for July 4th.",https://lenscratch.com/exhibitions/submit/,@laboratoryforartists,Online,,,Google Forms,1 image,,,,lenscratch-fault-lines-america-exhibition,true,2026-03-19
SE Center for Photography — Magic of Light,Southeast Center for Photography,2026-05-15,$35,exhibition,"Virtual juried exhibition exploring light and shadow as the foundation of photography. Submit up to 15 images. Juror: Wendi Schneider. 35–40 images selected for virtual gallery. 0% commission on sales. All photographers regardless of location, age, or skill level. Analog and digital welcome.",https://www.sec4p.com/light-26-prospectus,@sec4p,"Greenville, SC, USA",,,,Up to 15 images,,"May 30, 2026",,se-center-for-photography-magic-of-light,true,2026-03-19
photoED Magazine — Home VS Away (Issue #76),photoED Magazine,2026-06-15,$20 CAD,zine,"Fine art photography projects investigating the idea of home, the experience of being away, or the tension between the two. 10 selected projects published in print edition, 25 more in digital companion. Contributors receive printed copies with worldwide shipping. Free for subscribers and economically challenged artists.",https://www.photoed.ca/callforphotography,@photoaboretum,Online,Publication,,Zealous,Up to 8 images,,,,photoed-magazine-home-vs-away-issue-76,true,2026-03-19
photoED Magazine — Real VS Imagined,photoED Magazine,2026-09-09,$20 CAD,zine,"Fine art photography projects engaging with what is real versus what is imagined. 10 selected projects published in print edition, 25 more in digital companion. Contributors receive printed copies with worldwide shipping. Free for subscribers.",https://www.photoed.ca/callforphotography,@photoaboretum,Online,Publication,,Zealous,Up to 8 images,,,,photoed-magazine-real-vs-imagined,true,2026-03-19
LUMA Rencontres Dummy Book Award 2026,Les Rencontres d'Arles,2026-05-13,Free,zine,"Annual award supporting publication of an unpublished photobook dummy. Special attention to experimental and innovative editorial forms. Winner's dummy and shortlisted entries exhibited at Les Rencontres d'Arles 2026. €25,000 production budget for the winning book.",https://www.rencontres-arles.com/en/luma-rencontres-dummy-book-award-2026,@rencontresarles,"Arles, France","€25,000",,Website form,1 dummy,,June 2026,,luma-rencontres-dummy-book-award-2026,true,2026-03-20
8th Chelsea International Photography Competition,Agora Gallery,2026-11-03,$45–$55,exhibition,"International photography competition with exhibition at Agora Gallery in Chelsea, New York. 30 photographers selected for collective exhibition. Open to all genres and camera types. Five winners receive $500 cash each plus exhibition and online promotion.",https://nyartcompetitions.com/photography/,@nyartcompetitions,"New York, NY, USA",$500,,Website form,Up to 5 images,,"December 1, 2026",Not accepted,8th-chelsea-international-photography-competition-agora-gallery,false,2026-03-20
Creatura Magazine Issue 02 — What We Call Home,Creatura Magazine,2026-03-22,€15,zine,Open call for Issue 02 of this indie print magazine exploring the idea of home — not only as a physical space but as an emotional territory. Selected photographs featured in a collective section of the print edition.,https://docs.google.com/forms/d/e/1FAIpQLSeyzpfG4BYqqoJWJqOneJsbpQ1cYRA4HlIjLCm93uiO129tJQ/viewform,@_.creatura,Online,Publication,latin-america,,,,,,creatura-magazine-issue-02-what-we-call-home,true,2026-03-20
F-Stop Magazine Issue #137 — Open Theme,F-Stop Magazine,2026-05-15,Free,zine,No theme — all fine art and documentary photography welcome. Submit up to 12 photographs. One submission per person per issue. Featured artist selected from submissions. Published since 2004.,https://www.fstopmagazine.com/submissions.html,@fstopmagazine,Online,,,Email,Up to 12 images,,,,f-stop-magazine-issue-137-open-theme,true,2026-03-20
Photo Trouvée Virtual Artist Residency — Spring 2026,Photo Trouvée Magazine,2026-04-08,$650,residency,"10-week virtual residency (April 24 – June 26, 2026) for artists who work with or are inspired by found/family photographs. Weekly Zoom calls, bio/statement workshops, artist talks, group feedback, accountability groups. Only 9 artists selected. Partial scholarships available.",https://www.phototrouveemagazine.com/photo-trouve-virtual-residency-info,@phototrouveemagazine,Online,,,JotForm,,,,,photo-trouv-e-virtual-artist-residency-spring-2026,true,2026-03-20
HNDL Magazine — PRIDE Issue,HNDL Magazine,2026-03-30,Free,zine,"Submissions for the PRIDE issue of HNDL Magazine, an indie publication by and for neurodivergent, disabled, and chronically ill creatives. Accepting art, poetry, creative nonfiction, prose, photography, and zines. Especially seeking candid photography and creative nonfiction. Written pieces max 4 pages, no PDFs. Unpaid — contributors receive a printed copy.",https://forms.gle/8pvP3rJzHPC7aG4r6,@hndl_mag,Online,Publication,neurodivergent-disabled,Google Form,Up to 3 pieces,,,Not accepted,hndl-magazine-pride-issue,true,2026-03-21
Off The Clock 2026,APA Los Angeles,2026-03-31,$40,photography,"15th annual curated photo competition showcasing personal work. Juried by Chris Pichler, Founder and Publisher of Nazraeli Press, who selects 100 winning images. Winners receive a printed and PDF catalog, online gallery feature, social media exposure, and framed exhibition at an industry gala in Southern California. No categories, no series restrictions, no creation date restrictions — just your finest personal photography. APA members pay $20/image. No AI-generated content.",https://apanational.org/contests/information/apa-la-2026-off-the-clock-call-for-entries,@apa_la,"Los Angeles, California, USA",Exhibition + publication,,Website form,Unlimited single images,,May 2026,Not accepted,off-the-clock-2026-apa-los-angeles,false,2026-03-21
The Female Show 2026,Munich Art Gallery,2026-04-08,Free,exhibition,"Group exhibition of national and international female artists at Munich Art Gallery in the Kunstareal, running October 15 – November 14, 2026, including Lange Nacht der Münchner Museen. Curated by Josephine Kaiser & Team. Seeks contemporary art by women beyond gender stereotypes and thematic clichés. Smaller formats preferred (up to 50×50 cm). Submit a PDF (max 5 pages, 5 MB) with short CV, artist statement, ~5 example images, Instagram and website. No participation or exhibition fees — only international shipping at artist's expense. Applications accepted in English or German.",https://www.munichartgallery.de/?page_id=922,@munichartgallery,"Munich, Germany",Exhibition,women,Email,,,"June 8, 2026",,the-female-show-2026-munich-art-gallery,false,2026-03-21
Open Call — Il Reportage in Italia,Festival del Reportage,2026-05-08,Free,photography,"Open call for the 6th edition of Festival del Reportage in Ascoli Piceno (June 26–28, 2026). Seeking reportage photography projects made in Italy — completed or in progress, 15–25 images. At least some photos must be taken after January 1, 2025. Submit via Google Form with a file-sharing link (WeTransfer, Google Drive, etc.). Winner receives €500 cash prize, projection of work at the festival, and full hospitality including travel within Italy, accommodation, and meals. No restrictions on nationality, age, or experience.",https://www.instagram.com/p/DV9MkL2FYJi/,@festivaldelreportage,"Ascoli Piceno, Italy",€500,,Google Form,15–25 images,,,,open-call-il-reportage-in-italia-festival-del-reportage,false,2026-03-21
100 Emerging Artworks of 2026,Arts to Hearts Project,2026-05-04,$35,zine,"Annual international open call selecting 100 emerging and mid-career artists for a hardcover collector's book distributed globally via Amazon, Barnes & Noble, and art bookstores. All mediums accepted including photography. Submit up to 20 artworks. Top winner receives $1,000 cash prize, 4-page feature spread, and glass trophy. 2nd and 3rd place get 4-page spreads and trophies. All 100 selected artists receive book publication, certificate, and international distribution. Early bird deadline April 4 with reduced fees. 4th edition, previous collaborators include The Jealous Curator and Singulart.",https://apply.artstoheartsproject.com/open-call/100-emerging-artworks-of-2026,@artstoheartsproject,Online,"$1,000",,Website form,Up to 20 artworks,,,,100-emerging-artworks-of-2026-arts-to-hearts-project,false,2026-03-21
Michael P. Smith Fund for Documentary Photography 2026,New Orleans Photo Alliance,2026-02-02,$25,grant,Annual grant honoring legendary New Orleans documentary photographer Michael P. Smith. Awards cash prizes and exhibition opportunities to Gulf Coast photographers whose work combines artistic excellence and a sustained commitment to a cultural documentary project. Submit 10–20 images plus project statement (530 words) and bio via CaFE (Call for Entry). Subject matter not limited to Gulf Coast region. Winners donate two prints to NOPA's permanent collection and submit a final report by August 2026.,https://neworleansphotoalliance.org/michael-p-smith-fund-for-documentary-photography/,@photoalliance,"New Orleans, Louisiana, USA","$3,000",united-states,CaFE,10–20 images,,,,michael-p-smith-fund-for-documentary-photography-2026-new-orleans-photo-alliance,false,2026-03-21
Luz e Sombra — National Photography Competition,Égide — Associação Portuguesa das Artes,2026-04-30,Free,photography,"National photography competition exploring the relationship between light and shadow across themes of heritage, nature, architecture, and daily life. Submit a series of 6 photographs with a conceptual synopsis (1,500 chars) and bio (1,000 chars). Six finalists selected — works published in an artist-edition book, shown in a traveling exhibition at three venues, and featured in the Égide digital gallery. Open to professional and amateur photographers who are Portuguese citizens or residents of Portugal.",https://www.egideartes.pt/luzsombra,@ensaio.pt,Online,"€3,000",portugal,Website form,6 images,,May 2026,,luz-e-sombra-national-photography-competition-gide-associa-o-portuguesa-das-artes,false,2026-03-21
CPG Mentorship Programme 2026,Centre de la Photographie Genève,2026-03-22,Free,education,"1:1 mentoring programme pairing artists with established photographers, curators, and mediators for four meetings over six months (May–October 2026), in person or online. Mentees receive CHF 500 project support and free access to two online masterclasses. 2026 mentors include Hannah Darabi, Yann Mingard, Abdo Shanan, Holly Roussell, Jermaine Francis, and others. Open to professional artists and photographers (including self-taught) not enrolled in another programme or academic course. Fluency required in one of: French, English, Italian, Arabic, German, Farsi, or Mandarin.",https://www.centrephotogeneve.ch/,@centre_photographie_geneve,"Geneva, Switzerland",CHF 500,,Website form,,,May 2026,,cpg-mentorship-programme-2026-centre-de-la-photographie-gen-ve,false,2026-03-21
New Wave Photography Award 2026,Lightbox Photo Library,2026-04-30,"TWD 1,200",photography,"Biennial award for emerging photographers, judged by 16 international curators and professionals from Taiwan, Japan, South Korea, and Singapore. Submit a series of 15–25 images (created after 2021) with artist statement in Chinese and English (500 words each). Grand Prize receives TWD 100,000 (~$3,000) plus exhibition. Applicants must not have held solo exhibitions at museums, commercial galleries, or art fairs, and no more than 5 group shows. Students and persons with disabilities pay reduced fee of TWD 600.",https://www.lightboxlib.org/new-wave,@lightbox_lib,Online,"TWD 100,000",taiwan,Website form,15–25 images,,,,new-wave-photography-award-2026-lightbox-photo-library,false,2026-03-21
Solo Statement — Doesn't Play Well with Others,Bushwick Gallery,2026-03-27,$25,exhibition,"One-night solo takeover of Bushwick Gallery in Brooklyn — a full transformation of the space by a single artist. No shared walls, no compromise. All mediums welcome including photography, installation, performance, and digital. No prior gallery experience required. Submit artist statement (150 words), creative vision for the space, 3–5 recent work images, and two artistic influences. Gallery provides professional photography, press release, and promotional support. Exhibition April 17, 2026.",https://bushwickgallery.com/doesnt-play-well-with-others/,@bushwickgallery,"Brooklyn, New York, USA",Solo exhibition,,Website form,3–5 images,,,,solo-statement-doesn-t-play-well-with-others-bushwick-gallery,false,2026-03-21
The Woman Artist Award — 6th Edition,Arts to Hearts Project,2026-04-04,$35,photography,"Juried award for women artists working in any visual arts medium including photography. Winner receives $500 cash prize, glass trophy, interview feature in hardcover coffee table book, website interview, one-year portfolio feature on Women in Arts Network (global directory for women artists), and one-year subscription to Arts to Hearts print + digital magazine. No specific theme — submit your best work. 6th edition.",https://apply.artstoheartsproject.com/open-calls,@artstoheartsproject,Online,"$1,000",women,Website form,,,,,the-woman-artist-award-6th-edition-arts-to-hearts-project,false,2026-03-21
Solstice Magazine Issue 71 — Editorial Submissions,Solstice Magazine,2026-03-21,Free,zine,"Submit fashion and editorial photography for publication in Issue 71 of Solstice Magazine, a London-based fashion publication. Send editorial submissions via email.",https://www.solsticemagazine.co.uk/submissions,@solstice_mag,"London, United Kingdom",Publication,,Email,,,,,solstice-magazine-issue-71-editorial-submissions,true,2026-03-21
LSI Women in Photography Grant 2026,Leica Society International,2026-04-24,$35,grant,"Grant for women photographers to complete an in-progress personal project. Theme: Where We Stand — seeking work rooted in lived experience, proximity, trust-based relationships, and ethical representation. Submit 10 images, artist statement, project proposal, and budget via Picter. Winner receives $10,000 plus a new Leica camera and lens from Leica North America. Limited to first 100 applicants. Open globally, no Leica camera or LSI membership required.",https://leicasocietyinternational.org/2026-women-in-photography-grant,@leicasociety,Online,"$10,000",women,Picter,10 images,,"May 29, 2026",,lsi-women-in-photography-grant-2026-leica-society-international,false,2026-03-21
Roma E'Festival — Street Photography Awards 2026,Effe4.0 Street Photography,2026-07-31,€20–€70,photography,"International street photography contest, 3rd edition. Five categories: Single Image (color/open), Black & White, Smartphone, Photographic Project (5–15 images), and AI-Generated (separate judging). Top 3 finalists per category receive prizes from partners Fotodiego, Fowa, and Ricoh GR. All finalists exhibited at Officine Fotografiche in Rome (October 16–18, 2026) and published in international catalogue. Multi-category passes available. No generative AI in street categories.",https://romaefestival.com/iscrizione-al-contest/,@effe4.0_streetphotography,"Rome, Italy",Exhibition,,Website form,3–15 images per category,,,,roma-e-festival-street-photography-awards-2026-effe4-0-street-photography,false,2026-03-21
Dyonyzine Issue 06 — Second Helpings,Dyonyzine,2026-04-28,Free,zine,"Asian-American-founded creative arts magazine accepting submissions for Issue 06 themed around food — a meal is never just a meal. Accepting photography, visual art, drawings, paintings, digital illustrations, multimedia works, and more alongside poetry, prose, and essays. Open to all ages, backgrounds, locations, and experience levels. Volunteer-run, completely free to submit.",https://docs.google.com/forms/d/e/1FAIpQLSdYyrJjqZcFwki5p-IKZ-4O7Bol78mrQX7wm39JGM3iXaWIHg/viewform,@dyonyzine,Online,Publication,,Google Form,Up to 3 entries,,,,dyonyzine-issue-06-second-helpings,true,2026-03-21
FeelsZine Issue 26 — Desire,FeelsZine,2026-03-31,Free,zine,"Canadian creative zine accepting submissions for Issue 26 themed around desire. Accepts photography, illustration, collage, typography, and comics. Submit 1–2 works at 6.5×9.5 inches with 0.125-inch bleed. Unpaid publication. Submit via email.",https://feelszine.com/pages/submissions,@feelszine,Online,Publication,,Email,,,,,feelszine-issue-26-desire,true,2026-03-21
Cut+Paste Magazine Issue 17 — Gather,Cut+Paste Magazine,2026-04-09,Free,zine,"Photography magazine Issue 17 themed around autumn gathering — harvest scenes, friends and family, cozy candlelit moments. Accepts portraits (faceless preferred), nature, landscapes, abstract, still life, urban, and macro photography. No nudity or AI art. Pays $15 base plus $5–10 per additional piece if selected.",https://cutpastemagazine.com/theme-submissions,@cutpastemag,Online,Publication + payment,,Website form,,,,Not accepted,cut-paste-magazine-issue-17-gather,true,2026-03-21
Outdoor Photography Magazine — Creative Wildlife,Outdoor Photography Magazine,2026-03-31,Free,zine,Submit up to 5 creative wildlife images with captions for publication in Outdoor Photography Magazine (UK). Winner receives Celestron Nature DX 12×56 binoculars (RRP £229). JPG at 300ppi.,https://www.outdoorphotographymagazine.co.uk/submissions/,@outdoorphotographymag,Online,£229 + publication,,Website form,Up to 5 images,,,,outdoor-photography-magazine-creative-wildlife,true,2026-03-21
Outdoor Photography Magazine — Spring Landscapes,Outdoor Photography Magazine,2026-04-30,Free,zine,Submit up to 5 spring landscape images with captions for publication in Outdoor Photography Magazine (UK). Winner receives Komperdell Carbon CXP Pro walking poles (RRP £150). JPG at 300ppi.,https://www.outdoorphotographymagazine.co.uk/submissions/,@outdoorphotographymag,Online,£150 + publication,,Website form,Up to 5 images,,,,outdoor-photography-magazine-spring-landscapes,true,2026-03-21
Zone Magazine — Open Submissions,Zone Magazine,Continuous,Free,zine,International photography zine accepting submissions year-round. No restrictions on genre. Submit up to 20 JPG images in a ZIP file (20MB max). Open to all ages worldwide.,https://www.thezonezine.com/submissions/,@zone_mag,Online,Publication,,Email,Up to 20 images,,,,zone-magazine-open-submissions,true,2026-03-21
Burn Magazine — Open Submissions,Burn Magazine,Continuous,Free,zine,"Photography magazine founded by David Alan Harvey (Magnum). Accepts photo essays, slideshows, and multimedia pieces on any subject. Submit as PDF. Images at 1080px shortest side. Features published on homepage with consideration for print.",https://www.burnmagazine.org/submissions/,@burnmagazine,Online,Publication,,Email,,,,,burn-magazine-open-submissions,true,2026-03-21
Incandescent Zine — Color Film Photography,Incandescent Zine,2026-03-01,Free,zine,"Bi-annual zine exclusively for color film/analog photography. Submit up to 12 color film images. No digital photography. Published by Pine Island Press, Portland, Oregon.",https://incandescentzine.wordpress.com/submissions/,@incandescentzine,Online,Publication,analog-photography,Email,Up to 12 images,,,,incandescent-zine-color-film-photography,true,2026-03-21
Phases Magazine — Open Submissions,Phases Magazine,Continuous,Free,zine,International contemporary photography magazine publishing 3 portfolios per issue. Submit website link or low-res images.,https://phasesmag.com/about/,@phasesmag,Online,Publication,,Email,,,,,phases-magazine-open-submissions,true,2026-03-21
Noice Magazine — Open Submissions,Noice Magazine,Continuous,Paid,zine,"Print-to-order photography magazine with themed issues focusing on minimalism, social issues, and humor. Submit up to 10 images per themed call. Published as limited edition prints distributed worldwide.",https://noicemagazine.com/SUBMISSIONS,@noicemag,Online,Publication,,Website form,,,,,noice-magazine-open-submissions,true,2026-03-21
Solo Exhibition May 2026,All About Photo,2026-04-21,$45,exhibition,"Monthly featured photographer showcase. Winner receives a full month online solo exhibition (May 1–31, 2026), permanent gallery presence, exclusive interview, social media promotion, newsletter feature, international press coverage, and commission-free sales. Submit a cohesive project or portfolio of 6–14 images.",https://www.all-about-photo.com/all-about-photo-contest.php?cid=213,@allaboutphoto,Online,Exhibition,,Website form,6–14 images,"Sandrine Hermand-Grisel, Photographer & Founder, All About Photo","May 1, 2026",,solo-exhibition-may-2026-all-about-photo,false,2026-03-21
SIYU Award 2026,SIYU Award,2026-04-30,CHF 50,photography,"Award for young Swiss photographers (formerly vfg Young Talent Award). Ten finalists exhibited in a group show at Photobastei Zurich with a published catalogue. Three cash prizes awarded through the Alois Ottiger Grant, in memory of Swiss photographer Alois Ottiger (1941–2025). Free theme, all fields of photography. Submissions must be anonymous.",https://site.picter.com/siyu-award-2026,@siyu_award,"Zurich, Switzerland","CHF 5,000",under-40,Picter,3–8 images,"Virginie Otth, Photographer & Visual Artist; Bassma El Adissey, Freelance Curator; Gregor Brandli, Filmmaker & Photographer","June 13, 2026",,siyu-award-2026,true,2026-03-21
Alpine Fellowship Visual Art Prize 2026,Alpine Fellowship,2026-05-01,£10,photography,"Annual visual art prize on the theme of JOY. Open to all visual art media including photography, painting, sculpture, video, and installation. One piece per entry, multiple entries allowed as separate submissions. Work must be entirely created without AI.",https://alpinefellowship.submittable.com/submit/341395/alpine-fellowship-visual-art-prize-2026,@alpinefellowship,Online,"£3,000",,Submittable,1 image per entry,"Sue Grayson Ford MBE, Former Director, Serpentine Gallery & Photographers' Gallery London; Julian Spalding, Former Director of Art Galleries for Sheffield, Manchester & Glasgow",,Not accepted,alpine-fellowship-visual-art-prize-2026,true,2026-03-21
This Is a Person,Decagon Gallery,2026-05-31,$25,exhibition,"Portrait photography exploring interior life over surface identity. Seeking images that suggest psychological tension, ambiguity, vulnerability, or contradiction rather than likeness alone. Intentionally selective — approximately 10–12% acceptance rate. One image per selected artist exhibited.",https://www.decagongallery.com/this-is-a-person-entry,@decagon_gallery,Online,$500,,Website form,Up to 8 images,"Hossein Fardinfard, Portrait Photographer",,,this-is-a-person-decagon-gallery,false,2026-03-21
Monochrome Awards 2026,Monochrome Awards,2026-11-15,$22–$27,photography,"International black and white photography competition with professional and amateur divisions across 14 categories including Abstract, Architecture, Fine Art, Landscapes, Nature, Portrait, Street, and Wildlife. Winners published in annual book and featured in online Winners Gallery.",https://monoawards.com/,@monoawards,Online,"$3,000",,Website form,1 image per entry,Kazuya Kato; Maren Klemp; Heiko Hellwig; Artur Sikora; Simona Nalepkova; Farzad Ariannejad; Paulo Monteiro; Radin Badrnia; Yugo Ito; Tomas Paule; Elhanan Simhayev; Rick Fong; Nicola Di Sario,,,monochrome-awards-2026,true,2026-03-21
Annual Photography Awards 2026,Annual Photography Awards,2026-12-13,$25–$40,photography,"International photography competition (8th edition) celebrating photographers of all levels. Five main categories — Architecture, Fine Art, Nature, People, and Special — with 25 subcategories. Accepts all formats, looking for bold and innovative approaches.",https://annualphotoawards.com/,@annualphotoawards,Online,"$2,500",,Website form,1–8 images,Juliette Mills; Alex Bronfer; Carolina Rapezzi; Marc De Tollenaere; Isabella Tabacchi; Filippo Venturi; Warun Siriprachai; Diogo Baptista; Alessandra Bello; Kai Yokoyama; Annick Donkers; Richard Ansett; Apratim Saha; Jeoffrey Guillemard; Emily Kinni; Tomas Vrana; Cristina Vatielli; Jon Enoch; Nikolai Linares,"February 21, 2027",,annual-photography-awards-2026,true,2026-03-21
HER.SELF,Art Fluent,2026-07-17,$25,exhibition,"Online juried exhibit celebrating women in all their complexities — presence, resilience, beauty, and becoming. Open to all fine art mediums including photography. Artists receive 100% of sale price with no commission.",https://art-fluent.com/calls-for-art/herself-prospectus/,@art_fluent,Online,"$1,250",,CaFE,Up to 20 images,,"August 21, 2026",Not accepted,her-self-art-fluent,false,2026-03-21
Wider Skies Magazine — Issue 1,Wider Skies,2026-04-10,Free,zine,"New photo magazine exploring speculative futurism — not as science fiction, but as a way of noticing the near futures already forming around us. Submit up to 4 film photographs for the first issue. Looking for images that point to possible futures grounded in real life — moments of care, repair, survival, shared responsibility, quiet adaptation, or small signs of change. Film only. Free Kodak Pro 100 film available for those who need it.",https://widerskies.photo,@itsdrw,"Minneapolis, MN, USA",,analog-photography,Website form,Up to 4 images,,,Not accepted,wider-skies-magazine-issue-1,true,2026-03-21
Atlas of Ruins Vol.3 — Call for Photos,Reuse Italy,2026-10-01,€10–€30,zine,"Submit photographs of architectural ruins from anywhere in the world for the third edition of the Atlas of Ruins book. Photos can depict ruins from any historical period — abandoned buildings, crumbling monuments, forgotten infrastructure. Three registration tiers: Early (until Apr 16, €10/1 photo, €20/up to 10), Regular (until Jul 9, €13/€25), Late (until Oct 1, €16/€30). Fees exclude VAT. All participants receive an ebook copy. Best photos from each country featured in the printed book.",https://www.reuseitaly.com/competitions/atlas-of-ruins-call-for-photos/,@atlas_of_ruins,Online,"€1,200",,Website form,"JPEG, min 1200px longest edge, max 5MB, no watermarks",,,,atlas-of-ruins-vol-3-call-for-photos-reuse-italy,false,2026-03-22
SVĚTOVA 1 Artist Residency 2026,SVĚTOVA 1,2026-03-23,Free,residency,"One-month creative residency for an emerging visual artist in Prague. Includes private bedroom, shared 30m² studio in the gallery, production budget of approximately €820, round-trip travel, curatorial support, and opportunities for a public workshop, artist lecture, and exhibition. Open to residents of 39 European countries plus Tunisia. Must not be enrolled in educational programs during the residency. Residency runs November 1 – December 6, 2026.",https://www.svetova1.cz/residency-eu,@svetova_1,"Prague, Czech Republic",€820 + residency,emerging; europe,Google Form,"CV + portfolio (single PDF, max 15 pages, under 10 MB) + cover letter or video introduction",,"April 7, 2026",,svetova-1-artist-residency-2026,true,2026-03-22
Monograph No. 01,No-Type Magazine,2026-05-31,$20,zine,"Open call for lens-based artists to submit a cohesive photographic project for an individual artist monograph. The selected artist receives full publication support including editing, design, printing, and marketing, plus 20% of the edition. A shortlist of 6 artists will also receive published interviews.",https://www.notypemagazine.com/open-call,@notypemagazine,"Chicago, IL, USA",Publication,,Typeform,Cohesive body of work ready to be developed into book form,,,,monograph-no-01-no-type-magazine,false,2026-03-23
37th Annual Juried Photography Show,State of the Art Gallery,2026-05-01,$35,exhibition,"Annual juried photography show in Ithaca, NY. Up to $1,000 in prizes awarded. Original work not previously exhibited at the gallery is accepted across all photographic media. Selected work exhibited May 28 through June 27, 2026.",https://soagithaca.org/2026-photography-call/,,"Ithaca, NY, USA","$1,000",,EntryThingy,"1-4 JPG images, 1-6 MB each",,"May 5, 2026",Not accepted,37th-annual-juried-photography-show-state-of-the-art-gallery,false,2026-03-23
Homo Technologicus,LoosenArt,2026-07-22,Free,exhibition,"International call exploring the relationship between humans and technology. Seeking works investigating social, environmental, physical, cognitive, and emotional transformations brought by digital innovation. Group exhibition in Rome, November 2026.",https://www.loosenart.com/pages/calls,@loosenart,"Rome, Italy",Exhibition,,LoosenArt website,"1-3 works (photography, digital visual design, or video)",,,,homo-technologicus-loosenart,false,2026-03-23
Residency Program 2026,Aurora PhotoCenter,2026-03-31,Free,residency,"Two residencies for artists working in photography or photo-based media. Each provides a two-week intensive work period, $1,000 stipend, and housing in Indianapolis. Includes darkroom, studio, and digital lab access. Residencies run August through November 2026.",https://auroraphoto.org,@auroraphotocenter,"Indianapolis, IN, USA","$1,000 + residency",,Website form,Portfolio and application,,,,residency-program-2026-aurora-photocenter,false,2026-03-23
People 2026,Grid Photo Gallery,2026-03-31,€7 per image,photography,"International photography call exploring the human figure across all approaches including portraits, documentary, street photography, and studio work. Diverse interpretations welcome whether posed or unposed, observed or imagined. Selected work displayed in online exhibition.",https://gridphotogallery.com/contest/people-2026/,@gridphotogallery,Online,Exhibition,,Website form,"No limit on submissions, fee per image",,,,people-2026-grid-photo-gallery,false,2026-03-23
Nature 2026,Glasgow Gallery of Photography,2026-03-27,Free (£48 if selected),exhibition,"Exhibition exploring how we interact with nature. Seeking images that reveal beauty, power, cruelty, and influence on daily life. Selected work displayed in Glasgow gallery, online gallery, and exhibition catalogue. Exhibition runs July 3-31, 2026.",https://www.glasgowgalleryofphotography.com/exhibition/nature-2026,@theglasgowgalleryofphotography,"Glasgow, United Kingdom",Exhibition + publication,,Email via file transfer,"1-8 JPEG images, 300ppi, 3000px min on shortest side",,"April 1, 2026",,nature-2026-glasgow-gallery-of-photography,false,2026-03-23
Future Days 2026,Glasgow Gallery of Photography,2026-03-27,Free (£48 if selected),exhibition,"Open theme exhibition asking photographers to represent their vision of the future, whether hopeful or fearful. Interpret the theme at a global, local, or personal level. Selected work displayed in Glasgow gallery, online gallery, and exhibition catalogue. Exhibition runs July 3-31, 2026.",https://www.glasgowgalleryofphotography.com/exhibition/future-days-2026,@theglasgowgalleryofphotography,"Glasgow, United Kingdom",Exhibition + publication,,Email via file transfer,"1-8 JPEG images, 300ppi, 3000px min on shortest side",,"April 1, 2026",,future-days-2026-glasgow-gallery-of-photography,false,2026-03-23
Artist in Residence Program 2026,TILT Institute,2026-03-29,Free,residency,"Four-week residency for artists advancing contemporary photography. Two artists selected: one slot for a Philadelphia-based artist, one open to all. Includes $3,000 honorarium, waived printer/scanner fees, $1,000 ink and paper credit, and $1,500 travel/housing reimbursement. Residencies run June through November 2026.",https://tiltinstitute.org/programs/artist-in-residence/,@tiltinstitute,"Philadelphia, PA, USA","$3,000 + residency",,Submittable,"Letter of intent, portfolio, and CV",,"April 24, 2026",,artist-in-residence-program-2026-tilt-institute,false,2026-03-23
Outside the Box: Cameraless Photography,PhotoSynthesis,2026-03-31,$30,exhibition,"Exhibition seeking photographic works incorporating cameraless techniques including photograms, chemigrams, lumen prints, and composites blending camera and non-camera methods. 30-40 pieces selected for gallery exhibition and website display.",https://app.entrythingy.com/photosynthesisct/outside-the-box-cameraless-photography/,@photosynthesisct,"East Hartford, CT, USA",Exhibition,alternative-process,EntryThingy,"1-5 JPG images, max 10MB each",,,Not accepted,outside-the-box-cameraless-photography-photosynthesis,false,2026-03-23
X ROID Bonn 2026,The Stage Gallery,2026-03-31,€225,exhibition,"7th edition of the international instant art expo dedicated to Polaroid and Fuji Instax photography. Three-day juried exhibition at The Stage Gallery in Bonn featuring artist talks, a Pola walk, and creative exchanges. Only original instant photographs accepted — no prints. Fee includes professional framing. Gallery takes 25% commission on sales. In media partnership with Analog Forever.",https://www.thestagegallery.com/call-for-x-roid-bonn-2026/,@thestagegallery,"Bonn, Germany",Exhibition,,Email,Up to 4 Polaroids or 2 large format (8x10),,,,x-roid-bonn-2026-the-stage-gallery,false,2026-03-23
Defiance Zine Open Call,Revoke Collective,2026-04-06,Free,zine,"Open call for Revoke Collective's first zine on the theme of Defiance. Looking for photographs that challenge, disrupt, or simply refuse. Defiance can take many forms: quiet resistance, bold rebellion, personal freedom, cultural pushback, or moments of quiet nonconformity. Not chasing polish — chasing pulse. Raw vision and unfiltered moments.",https://www.revokephoto.com/open-calls/zine,@revoke.photo,,Publication,,,Up to 3 images,,April 2026,,defiance-zine-open-call-revoke-collective,false,2026-03-23
Les Mots du Phare Vol. 04: Futur(s),Linea Recta Books,2026-04-26,Free,zine,"Open call for black-and-white photography for Vol. 04 of Les Mots du Phare, a print publication by Linea Recta Books and Le Phare Collectif. Theme: Futur(s) — imagining what seems impossible, a tomorrow, an after, a continuation. Not the end of the world, but the courage to imagine what is possible. Selected images will be featured in the printed edition alongside text contributions from members of the collective. Submit up to 4 B&W photos combined into one PDF via email.",https://linearectabooks.com,@linea__recta,"Paris, France",Publication,,Email,Up to 4 B&W images,,,,les-mots-du-phare-vol-04-futurs-linea-recta-books,false,2026-03-23T20:51:00Z